CheckinId,UserName,Light,Smooth,Clean,Sweet,Woody,Zippy,Strong,Hoppy,Floral,Citrus,Milk,Dark,Creamy,Mouthfeel,Soft,Boozy,Caramel,Oatmeal,Dry,Malty,Piney,Grassy,Tart,Sour,Salty,Fruity,Heat,Bitter,Coffee,Roasty,Chocolate,Juicy,Funky,Acidic,Crushable,LocationName,LocationId,BeerId,BeerName,BeerRating
625286502,ChrisBallenger,1,1,1,1,0,0,0,0,0,0,0,0,0,0,0,0,0,0,0,0,0,0,0,0,0,0,0,0,0,0,0,0,0,0,0,Dot's Hop House,5591122,5210,Mama's Little Yella Pils,3
624478945,ChrisBallenger,0,1,0,1,0,0,0,0,0,0,1,1,1,0,0,0,0,0,0,0,0,0,0,0,0,0,0,0,0,0,0,0,0,0,0,The People's Last Stand,125979,52332,The Temptress,3.25
621878639,ChrisBallenger,0,0,0,0,0,0,0,0,0,0,0,0,0,0,0,0,0,0,0,0,0,0,0,0,0,0,0,0,0,0,0,0,0,0,0,,0,2289765,Projekt Mayhem,3
621864856,ChrisBallenger,0,0,0,0,0,0,0,0,0,0,0,0,0,0,0,0,0,0,0,0,0,0,0,0,0,0,0,0,0,0,0,0,0,0,0,,0,2642461,Not A Collaboration,3
621864533,ChrisBallenger,0,0,0,0,0,0,0,0,0,0,0,0,0,0,0,0,0,0,0,0,0,0,0,0,0,0,0,0,0,0,0,0,0,0,0,,0,1966351,Leo v. Ursus: Fortem,3.5
617838109,ChrisBallenger,0,0,0,0,0,0,0,0,0,0,0,0,0,0,0,0,0,0,0,0,0,0,0,0,0,0,0,0,0,0,0,0,0,0,0,HERE Sushi Bar,4907562,2662240,Tennessee Temptress,4.25
617800350,ChrisBallenger,0,0,0,0,0,0,0,0,0,0,0,0,0,0,0,0,0,0,0,0,0,0,0,0,0,0,0,0,0,0,0,0,0,0,0,HERE Sushi Bar,4907562,2306547,Big Chief's Bock,2.75
617784120,ChrisBallenger,0,0,1,0,0,0,0,0,0,1,0,0,0,0,0,0,0,0,0,0,0,0,1,0,0,0,0,0,0,0,0,0,0,1,1,HERE Sushi Bar,4907562,2586898,Citrus Jammer,3.5
617783142,ChrisBallenger,0,0,0,0,0,0,0,0,0,0,0,0,0,0,0,0,0,0,0,0,0,0,0,0,0,0,0,0,0,0,0,0,0,0,0,HERE Sushi Bar,4907562,687492,Summer's Wit,3
617771800,ChrisBallenger,0,0,0,0,0,0,0,0,0,0,0,0,0,0,0,0,0,0,0,0,0,0,0,0,0,0,0,0,0,0,0,0,0,0,0,HERE Sushi Bar,4907562,5773,Southern Pecan,3
598932720,ChrisBallenger,0,0,0,0,0,0,0,0,0,0,0,0,0,0,0,0,0,0,0,0,0,0,0,0,0,0,0,0,0,0,0,0,0,0,0,,0,2544781,Blackberry Crystal Wheat,2.5
598910779,ChrisBallenger,0,0,0,0,0,0,0,0,0,0,0,0,0,0,0,0,0,0,0,0,0,0,0,0,0,0,0,0,0,0,0,0,0,0,0,,0,1561902,Wee Heavy,3.5
598891490,ChrisBallenger,0,0,0,0,0,0,0,0,0,0,0,0,0,0,0,0,0,0,0,0,0,0,0,0,0,0,0,0,0,0,0,0,0,0,0,,0,2256861,Bourbon Barrel Aged Honey Porter,3.5
594142379,ChrisBallenger,0,1,0,1,0,0,1,1,0,0,0,1,0,0,0,0,0,0,0,0,0,0,0,0,0,0,0,0,0,0,0,0,0,0,0,Whitestone Golf Club,1281385,1612289,N10 Imperial Blended Ale,4
594115823,ChrisBallenger,0,0,0,0,0,0,0,0,0,0,0,0,0,0,0,0,0,0,0,0,0,0,0,0,0,0,0,0,0,0,0,0,0,0,0,,0,2635782,Extra Special Ballenger,3
592028792,ChrisBallenger,1,1,0,1,0,0,0,1,0,0,0,0,0,0,0,0,0,0,1,0,0,0,0,0,0,0,0,0,0,0,0,0,0,0,0,Electric Cowboy,243097,836,Poperings Hommelbier,3.5
589192656,ChrisBallenger,0,1,0,1,0,0,0,0,0,0,0,0,0,0,0,1,1,1,0,0,0,0,0,0,0,0,0,0,0,0,0,0,0,0,0,,0,2130728,Bishop's Barrel No. 18,4.25
579766816,ChrisBallenger,0,0,0,0,0,0,0,0,0,1,0,0,0,1,1,0,0,0,0,0,0,0,0,0,0,0,0,0,0,0,0,0,0,0,0,Chicken Express,7523749,2381562,Draped Up,4
579764565,ChrisBallenger,0,0,0,0,0,0,0,0,0,0,0,0,0,0,0,0,0,0,0,0,0,0,0,0,0,0,0,0,0,0,0,0,0,0,0,Chicken Express,7523749,2507700,Divine Reserve No. 18,3.25
579378932,ChrisBallenger,0,0,0,0,0,0,0,0,0,0,0,0,0,0,0,0,0,0,0,0,0,0,0,0,0,0,0,0,0,0,0,0,0,0,0,Texas Rangers Baseball Hall of Fame,500864,3784,Bud Light,1.25
579076979,ChrisBallenger,0,0,0,0,0,0,0,0,0,0,0,0,0,0,0,0,0,0,0,0,0,0,0,0,0,0,0,0,0,0,0,0,0,0,0,Studio Movie Grill,5856959,3811,Miller Lite,2
579058368,ChrisBallenger,0,0,0,0,0,0,0,0,0,0,0,0,0,0,0,0,0,0,0,0,0,0,0,0,0,0,0,0,0,0,0,0,0,0,0,Studio Movie Grill,5856959,880312,Fire Ant Funeral,2.5
565982616,ChrisBallenger,0,0,0,0,0,0,0,0,0,0,0,0,0,0,0,0,0,0,0,0,0,0,0,0,0,0,0,0,0,0,0,0,0,0,0,,0,2454011,CranJam,3.25
565861415,ChrisBallenger,0,0,0,0,0,0,0,0,0,0,0,0,0,0,0,0,0,0,0,0,0,0,1,1,0,1,0,0,0,0,0,1,1,0,0,,0,2293147,Aurelian Lure (Blend 5),4.5
562622506,ChrisBallenger,0,0,0,0,0,0,0,0,0,0,0,0,0,0,0,0,0,0,0,0,0,0,0,0,0,0,0,0,0,0,0,0,0,0,0,Shannon Brewing Company,2025877,2256861,Bourbon Barrel Aged Honey Porter,3.5
562525107,ChrisBallenger,0,0,0,0,0,0,0,0,0,0,0,0,0,0,0,0,0,0,0,0,0,0,0,0,0,0,0,0,0,0,0,0,0,0,0,Shannon Brewing Company,2025877,2513272,Red Russian,4.5
560665632,ChrisBallenger,0,0,0,0,0,0,0,0,0,0,0,0,0,0,0,0,0,0,0,0,0,0,0,0,0,0,0,0,0,0,0,0,0,0,0,Shannon Brewing Company,2025877,2413389,Russian Imperial Stout (2017),4
560664103,ChrisBallenger,0,0,0,0,0,0,0,0,0,0,0,0,0,0,0,0,0,0,0,0,0,0,0,0,0,0,0,0,0,0,0,0,0,0,0,,0,2504072,Lacey Blonde,2.75
560526742,ChrisBallenger,0,0,0,0,0,0,0,0,0,0,0,0,0,0,0,0,0,0,0,0,0,0,0,0,0,0,0,0,0,0,0,0,0,0,0,Shannon Brewing Company,2025877,2505296,White IPA Batch 1,3.5
554534888,ChrisBallenger,0,0,0,0,0,0,0,0,0,0,0,0,0,0,0,0,0,0,0,0,0,0,0,0,0,0,0,0,0,0,0,0,0,0,0,Idlewild,5028535,13388,Smithwick's,3
554483926,ChrisBallenger,0,0,0,0,0,0,0,0,0,0,0,0,0,0,0,0,0,0,0,0,0,0,0,0,0,0,0,0,0,0,0,0,0,0,0,The Market Bar,283450,1199,Guinness Foreign Extra Stout,5
554483113,ChrisBallenger,0,0,0,0,0,0,0,0,0,0,0,0,0,0,0,0,0,0,0,0,0,0,0,0,0,0,0,0,0,0,0,0,0,0,0,The Market Bar,283450,1310427,Cute Hoor Red Head Ale,3
554463651,ChrisBallenger,0,0,0,0,0,0,0,0,0,0,0,0,0,0,0,0,0,0,0,0,0,0,0,0,0,0,0,0,0,0,0,0,0,0,0,The Market Bar,283450,7120,Murphy's Irish Red,3
554012855,ChrisBallenger,0,0,0,0,0,0,0,0,0,0,0,0,0,0,0,0,0,0,0,0,0,0,0,0,0,0,0,0,0,0,0,0,0,0,0,The Long Stone,332325,4473,Guinness Draught,3.75
553544170,ChrisBallenger,0,0,0,0,0,0,0,0,0,0,0,0,0,0,0,0,0,0,0,0,0,0,0,0,0,0,0,0,0,0,0,0,0,0,0,Trinity City Hotel,323276,5991,Carlsberg,3.25
553211786,ChrisBallenger,0,1,0,1,0,0,1,1,0,0,0,0,0,0,0,0,0,0,0,1,0,0,0,0,0,0,0,0,0,0,0,0,0,0,0,Jack Duggan's Pub,384544,266065,Road 2 Ruin Double IPA,3.25
542340787,ChrisBallenger,0,1,0,1,0,0,1,0,0,0,0,1,0,0,0,1,0,0,0,0,0,0,0,0,0,0,0,0,0,0,0,0,0,0,0,,0,19004,Samuel Adams Utopias,5
530779067,ChrisBallenger,0,1,0,0,0,0,0,0,0,0,0,0,0,0,0,0,0,1,0,0,0,0,0,0,0,0,0,0,1,1,1,0,0,0,0,Midway Craft House,4334620,853242,Mocha Merlin,4
530777680,ChrisBallenger,0,0,0,0,0,0,0,0,1,1,0,0,0,0,0,0,0,0,0,0,0,0,0,0,0,1,0,1,0,0,0,0,0,0,0,Midway Craft House,4334620,2022323,Underdog IPA,3
529924268,ChrisBallenger,0,0,0,0,0,0,0,0,0,0,0,0,0,0,0,0,0,0,0,0,0,0,0,0,0,0,0,0,0,0,0,0,0,0,0,,0,2358056,Mór IPA,3
529911023,ChrisBallenger,0,0,0,0,0,0,0,0,0,0,0,0,0,0,0,0,0,0,0,0,0,0,0,0,0,0,0,0,0,0,0,0,0,0,0,,0,2399122,Banana And Clove Chocolate Stout,4
529362790,ChrisBallenger,0,1,0,1,0,0,0,0,0,0,0,0,0,0,0,1,0,0,0,0,0,0,0,0,0,0,1,0,0,0,0,0,0,0,0,Kroger Signature,521929,1562522,Xolotl,4.5
525844853,ChrisBallenger,0,0,0,0,0,0,0,0,0,0,0,0,0,0,0,0,0,0,0,0,0,0,0,0,0,0,0,0,0,0,0,0,0,0,0,Tolar United Methodist Church,7001649,4996,Punkin Ale,3
519478253,ChrisBallenger,0,0,0,0,0,0,0,0,0,0,0,0,0,0,0,0,0,0,0,0,0,0,0,0,0,0,0,0,0,0,0,0,0,0,0,Tafts Ale House,2722165,1026561,Culebra Cut,3.5
519471422,ChrisBallenger,1,1,0,0,0,0,0,1,1,0,0,0,0,0,0,0,0,0,0,0,0,0,0,0,0,1,0,0,0,0,0,0,0,0,0,Tafts Ale House,2722165,1026563,Gavel Banger,3.5
519470890,ChrisBallenger,0,0,0,0,0,0,0,0,0,0,0,0,0,0,0,0,0,0,0,0,0,0,0,0,0,0,0,0,0,0,0,0,0,0,0,,0,2157962,West Side Amber Ale,3
518846523,ChrisBallenger,0,0,0,0,0,0,0,0,0,0,0,0,0,0,0,0,0,0,0,0,0,0,0,0,0,0,0,0,0,0,0,0,0,0,0,Domino's Pizza,6924429,2248329,Sound And Vision With Tart Cherries,3.75
518816318,ChrisBallenger,1,1,1,1,0,0,0,0,0,0,0,0,1,0,0,0,0,0,0,0,0,0,0,0,0,0,0,0,0,0,0,0,0,0,0,Electric Cowboy,243097,1645750,Buckle Bunny,4
518789859,ChrisBallenger,0,0,0,0,0,0,0,0,0,0,0,0,0,0,0,0,0,0,0,0,0,0,0,0,0,0,0,0,0,0,0,0,0,0,0,Electric Cowboy,243097,860134,Professor Black,4
518789267,ChrisBallenger,0,0,0,0,0,0,0,0,0,0,0,0,0,0,0,0,0,0,0,0,0,0,0,0,0,0,0,0,0,0,0,0,0,0,0,,0,9060,Hunahpu’s,5
515973600,ChrisBallenger,0,0,0,0,0,0,0,0,0,0,0,0,0,0,0,0,0,0,0,0,0,0,0,0,0,0,0,0,0,0,0,0,0,0,0,,0,3784,Bud Light,2
514780069,ChrisBallenger,0,0,0,0,0,0,0,0,0,0,0,0,0,0,0,0,0,0,0,0,0,0,0,0,0,0,0,0,0,0,0,0,0,0,0,,0,2227777,Crystal Wheat,3.75
514752640,ChrisBallenger,0,0,0,0,0,0,0,0,0,0,0,0,0,0,0,0,0,0,0,0,0,0,0,0,0,0,0,0,0,0,0,0,0,0,0,,0,2289088,Irish Red (Nitro),3.75
514724143,ChrisBallenger,0,0,0,0,0,0,0,0,0,0,0,0,0,0,0,0,0,0,0,0,0,0,0,0,0,0,0,0,0,0,0,0,0,0,0,,0,2256842,Habanero IPA,3.25
513372364,ChrisBallenger,0,1,0,1,0,0,0,0,0,0,0,1,0,0,0,0,0,0,0,0,0,0,1,1,0,0,0,0,0,0,0,0,0,0,0,,0,286137,Black Angel,3.5
510367824,ChrisBallenger,0,0,0,0,0,0,0,0,0,0,0,0,0,0,0,0,0,0,0,0,0,0,0,0,0,0,0,0,0,0,0,0,0,0,0,,0,793015,<U+5206> <U+6843> (Fen Táo),4.25
510367672,ChrisBallenger,0,0,0,0,0,0,0,0,0,0,0,0,0,0,0,0,0,0,0,0,0,0,0,0,0,0,0,0,0,0,0,0,0,0,0,,0,1607252,Grapefruit IPA 2018,3.25
510014640,ChrisBallenger,0,0,0,0,0,0,0,0,0,0,0,0,0,0,0,0,0,0,0,0,0,0,0,0,0,0,0,0,0,0,0,0,0,0,0,,0,1205989,Chocolate Hazelnut Stout,3
510012683,ChrisBallenger,0,0,0,0,0,0,0,0,0,0,0,0,0,0,0,0,0,0,0,0,0,0,0,0,0,0,0,0,0,0,0,0,0,0,0,,0,805959,Off With Your Red,3.5
509924481,ChrisBallenger,0,0,0,0,0,0,0,0,0,0,0,0,0,0,0,0,0,0,0,0,0,0,0,0,0,0,0,0,0,0,0,0,0,0,0,,0,2212501,El Conejo,2.75
509841501,ChrisBallenger,0,0,0,0,0,0,0,0,0,0,0,0,0,0,0,0,0,0,0,0,0,0,0,0,0,0,0,0,0,0,0,0,0,0,0,,0,332174,Wonderlust,3.5
505973816,ChrisBallenger,0,0,0,1,0,0,0,0,0,0,0,0,0,0,0,0,0,0,0,0,0,0,1,1,1,1,0,0,0,0,0,0,0,0,0,,0,2084225,Queen of the Mist (Passion Fruit),4.25
504797605,ChrisBallenger,0,0,0,0,0,0,0,0,0,0,0,0,0,0,0,0,0,0,0,0,0,0,0,0,0,0,0,0,0,0,0,0,0,0,0,Fredericksburg Brewing Company,4030,2282849,Green Chile Carta Verde,3
504794803,ChrisBallenger,1,1,0,0,0,0,0,0,0,0,0,0,0,0,0,0,0,0,0,1,0,0,0,0,0,0,0,0,0,0,0,0,0,0,0,Fredericksburg Brewing Company,4030,25055,Pioneer Porter,3
504785834,ChrisBallenger,0,0,0,0,0,0,0,1,0,0,0,0,0,0,0,0,0,0,1,1,1,1,0,0,0,0,0,0,0,0,0,0,0,0,0,Fredericksburg Brewing Company,4030,78492,Anniversary Ale,2.5
504778857,ChrisBallenger,1,0,0,1,0,0,0,1,1,0,0,0,0,0,0,0,0,0,0,0,0,0,0,0,0,0,0,0,0,0,0,0,0,0,0,Fredericksburg Brewing Company,4030,37001,Peace Pipe Pale Ale,3.5
504769113,ChrisBallenger,0,1,0,1,0,0,0,0,0,0,0,0,0,0,0,0,0,0,0,1,0,0,0,0,0,0,0,0,0,0,0,0,0,0,0,Fredericksburg Brewing Company,4030,10439,Enchanted Rock Red Ale,3.5
504763681,ChrisBallenger,0,0,0,0,0,0,0,0,0,0,0,0,0,0,0,0,0,0,0,0,0,0,0,0,0,0,0,0,0,0,0,0,0,0,0,Fredericksburg Brewing Company,4030,41968,Hauptstrasse Helles,3.25
504749988,ChrisBallenger,1,1,0,0,0,0,0,0,0,0,0,0,0,0,0,0,0,0,0,0,0,0,0,0,0,0,0,0,0,0,0,0,0,0,0,Fredericksburg Brewing Company,4030,38150,Not So Dumb Blonde Ale,2.5
504748462,ChrisBallenger,1,1,0,1,0,0,0,0,0,0,0,0,0,0,0,0,0,0,1,0,0,0,0,0,0,0,0,0,0,0,0,0,0,0,0,Fredericksburg Brewing Company,4030,49909,Carta Verde,3
504538130,ChrisBallenger,0,0,0,0,0,0,0,0,0,0,0,0,0,0,0,0,0,0,0,0,0,0,0,0,0,0,0,0,0,0,0,0,0,0,0,,0,2293296,Enigmatic Taxa,3.5
504484309,ChrisBallenger,0,0,0,0,0,0,0,0,0,0,0,0,0,0,0,0,0,0,1,0,0,0,1,1,0,1,0,0,0,0,0,0,0,0,0,Jester King Brewery,18641,2267172,La Vie En Rose (Batch 6),3.75
499913192,ChrisBallenger,0,0,0,0,0,0,0,0,0,0,0,0,0,0,0,0,0,0,0,0,0,0,0,0,0,0,0,0,0,0,0,0,0,0,0,,0,1582861,Dialed In (w/ Chardonnay & Gewurztraminer Juice),4
499825790,ChrisBallenger,0,1,0,1,0,0,0,1,0,0,0,0,0,0,0,0,0,0,0,1,0,0,0,0,0,0,0,0,0,0,0,0,0,0,0,Lone Star Lodge & Marina,6718364,388924,Grace and Grit™,4
499275866,ChrisBallenger,0,0,0,0,0,0,0,0,0,1,0,0,0,1,0,0,0,0,0,0,0,0,0,0,0,0,0,0,0,0,0,0,0,0,0,Lake Ray Roberts Marina,3153225,1963052,Houston Haze,2.75
495257896,ChrisBallenger,0,0,0,0,0,0,0,0,0,0,0,0,0,0,0,0,0,0,0,0,0,0,0,0,0,0,0,0,0,0,0,0,0,0,0,,0,1127175,Double Dry Hopped Summer Street,3.75
488227251,ChrisBallenger,0,1,0,1,0,0,0,1,0,0,0,0,0,0,0,0,0,0,0,0,0,0,0,0,0,1,0,0,0,0,0,0,0,0,0,,0,1980283,Twenty Four,3.5
487481172,ChrisBallenger,0,0,0,0,0,0,0,0,0,0,0,0,0,0,0,0,0,0,0,0,0,0,0,0,0,0,0,0,0,0,0,0,0,0,0,,0,363457,Atrial Rubicite,4.5
486873055,ChrisBallenger,1,0,0,1,0,0,0,0,0,0,0,0,0,0,0,0,0,0,0,0,0,0,0,0,0,1,0,0,0,0,0,1,0,0,0,What’s On Tap Keller,5615958,2159005,Parker County Peach,3.75
486866947,ChrisBallenger,0,1,0,0,0,0,0,0,0,0,0,0,0,0,0,0,0,0,0,1,0,0,0,0,0,0,1,0,0,0,0,0,0,0,0,,0,1898546,Deconstructed Bomb! Chili Peppers,4.25
486858929,ChrisBallenger,0,1,0,1,0,0,1,0,0,0,0,0,0,0,0,0,0,0,0,0,0,0,0,0,0,0,0,0,0,0,0,0,0,0,0,What’s On Tap Keller,5615958,1863926,Deconstructed Bomb! Vanilla,4.5
486832529,ChrisBallenger,0,1,0,1,0,0,0,1,0,0,0,0,0,0,0,0,0,0,0,1,0,0,0,0,0,0,0,0,0,0,0,0,0,0,0,,0,388924,Grace and Grit™,4
486829256,ChrisBallenger,0,0,0,0,0,0,0,0,0,0,0,1,0,0,0,0,0,0,0,0,0,0,0,0,0,0,0,0,0,0,0,0,0,0,0,What’s On Tap Keller,5615958,1863933,Deconstructed Bomb! Cacao Nibs,3.5
486812262,ChrisBallenger,0,1,0,0,0,0,1,0,0,0,0,0,0,0,0,0,0,0,0,0,0,0,0,0,0,0,0,0,1,0,0,0,0,0,0,What’s On Tap Keller,5615958,1863919,Deconstructed Bomb! Coffee,4
484411672,ChrisBallenger,0,0,0,0,0,0,0,0,0,0,0,0,0,0,0,0,0,0,0,0,0,0,0,0,0,0,0,0,0,0,0,0,0,0,0,Community Beer Company,556774,279051,Public Ale ESB,3
484410569,ChrisBallenger,0,0,0,0,0,0,0,0,0,0,0,0,0,0,0,0,0,0,0,0,0,0,0,0,0,0,0,0,0,0,0,0,0,0,0,Community Beer Company,556774,1554479,Texas Helles,3
484404475,ChrisBallenger,0,0,0,0,0,0,0,0,0,0,0,0,0,0,0,0,0,0,0,0,0,0,0,0,0,0,0,0,0,0,0,0,0,0,0,Community Beer Company,556774,1957464,Silly Gose,3.5
484369840,ChrisBallenger,0,0,0,0,0,0,0,0,0,0,0,0,0,0,0,0,0,0,0,0,0,0,0,0,0,0,0,0,0,0,0,0,0,0,0,Community Beer Company,556774,343884,Witbier,3
484303724,ChrisBallenger,0,0,0,0,0,0,0,0,0,0,0,0,0,0,0,0,0,0,0,0,0,0,0,0,0,0,0,0,0,0,0,0,0,0,0,Deep Ellum Brewing Company,113377,671988,Neato Bandito,2.75
484266631,ChrisBallenger,0,0,0,0,0,0,0,0,0,0,0,0,0,0,0,0,0,0,0,0,0,0,0,0,0,0,0,0,0,0,0,0,0,0,0,Deep Ellum Brewing Company,113377,2109795,Cherry Play Date,3.25
484220431,ChrisBallenger,0,0,0,0,0,0,0,0,0,0,0,0,0,0,0,0,0,0,0,0,0,0,0,0,0,0,0,0,0,0,0,0,0,0,0,,0,1081712,GRITz,2.75
480873563,ChrisBallenger,0,0,0,1,0,0,0,0,0,0,0,0,0,0,0,0,0,0,0,0,0,0,1,1,0,0,0,0,0,0,1,0,0,0,0,Jester King Brewery,18641,2180317,Cherry Funk Metal,4
480830341,ChrisBallenger,0,0,0,0,0,0,0,0,0,0,0,0,0,0,0,0,0,0,0,0,0,0,0,0,0,0,0,0,0,0,0,0,0,0,0,Jester King Brewery,18641,1765319,SPON - Méthode Gueuze (2016),3.75
480814602,ChrisBallenger,0,0,0,1,0,0,0,0,0,0,0,0,0,0,0,0,0,0,1,0,0,0,1,1,0,1,0,0,0,0,0,0,0,0,0,Jester King Brewery,18641,363457,Atrial Rubicite,4.5
477145709,ChrisBallenger,0,0,0,0,0,0,0,0,0,0,0,0,0,0,0,0,0,0,0,0,0,0,0,0,0,0,0,0,0,0,0,0,0,0,0,Motherlode Saloon,548163,11594,Wildflower Wheat,3
477131151,ChrisBallenger,0,0,0,0,0,0,0,0,0,0,0,0,0,0,0,0,0,0,0,0,0,0,0,0,0,0,0,0,0,0,0,0,0,0,0,Motherlode Saloon,548163,109767,Black IPA,3.75
477120568,ChrisBallenger,0,0,0,0,0,0,0,0,0,0,0,0,0,0,0,0,0,0,0,0,0,0,0,0,0,0,0,0,0,0,0,0,0,0,0,,0,1848453,Birthday Bomb! (2016),5
477119978,ChrisBallenger,0,0,0,0,0,0,0,0,0,0,0,0,0,0,0,0,0,0,0,0,0,0,0,0,0,0,0,0,0,0,0,0,0,0,0,,0,5532,Santa Fe Nut Brown,3
476835775,ChrisBallenger,0,0,0,0,0,0,0,0,0,0,0,0,0,0,0,0,0,0,0,0,0,0,0,0,0,0,0,0,0,0,0,0,0,0,0,,0,1167676,Montmaretto,4
476529324,ChrisBallenger,0,0,0,0,0,0,0,0,0,0,0,0,0,0,0,0,0,0,0,0,0,0,0,0,0,0,0,0,0,0,0,0,0,0,0,,0,1490463,Stickee Monkee (2016),4
476267319,ChrisBallenger,0,0,0,0,0,0,0,0,0,0,0,0,0,0,0,0,0,0,0,0,0,0,0,0,0,0,0,0,0,0,0,0,0,0,0,Red River,556898,1606946,Wavell Gunn,4
468839519,ChrisBallenger,0,0,0,0,0,0,0,0,0,0,0,0,0,0,0,0,0,0,0,0,0,0,0,0,0,0,0,0,0,0,0,0,0,0,0,,0,630877,Amorous,3.75
461458135,ChrisBallenger,0,0,0,0,0,0,0,0,0,0,0,0,0,0,0,0,0,0,0,0,0,0,0,0,0,0,0,0,0,0,0,0,0,0,0,,0,1440417,Marina,4
458466253,ChrisBallenger,0,0,0,0,0,0,0,0,0,0,0,0,0,0,0,0,0,0,0,0,0,0,0,0,0,0,0,0,0,0,0,0,0,0,0,BrewHound,6271349,1544576,Grapefruit Haze Dankosaurus,3.25
458445479,ChrisBallenger,1,0,0,1,0,0,0,0,0,0,0,0,0,0,0,0,0,0,0,1,0,0,0,0,0,0,0,0,0,0,0,0,0,0,0,BrewHound,6271349,916080,Alemannia,4
458439694,ChrisBallenger,0,0,0,0,0,0,0,0,0,0,0,0,0,0,0,0,0,0,0,0,0,0,0,0,0,0,0,0,0,0,0,0,0,0,0,,0,1544602,Poblano Paradise Dankosaurus,3.25
457643737,ChrisBallenger,0,0,0,0,0,0,0,0,0,0,0,0,0,0,0,0,0,0,0,0,0,0,0,0,0,0,0,0,0,0,0,0,0,0,0,,0,1844848,Aicha,4.25
457610651,ChrisBallenger,0,0,0,0,0,0,0,0,0,0,0,0,0,0,0,0,0,0,0,0,0,0,0,0,0,0,0,0,0,0,0,0,0,0,0,,0,1646558,TUPPS Day Off,3
457609704,ChrisBallenger,0,0,0,0,0,0,0,0,0,0,0,0,0,0,0,0,0,0,0,0,0,0,0,0,0,0,0,0,0,0,0,0,0,0,0,,0,2042589,Oaked Mosaic IPA (2017),3.5
457609142,ChrisBallenger,0,0,0,0,0,0,0,0,0,0,0,0,0,0,0,0,0,0,0,0,0,0,0,0,0,0,0,0,0,0,0,0,0,0,0,,0,1110595,La Bonté (with Pear),3.5
452487243,ChrisBallenger,0,0,0,1,0,0,0,0,0,0,0,1,0,0,0,0,0,0,0,0,0,0,1,1,0,1,0,0,0,0,0,0,0,0,0,Whitestone Golf Club,1281385,545336,Oblivion,4.25
451713260,ChrisBallenger,0,0,0,0,0,0,0,0,0,0,0,0,0,0,0,0,0,0,0,0,0,0,0,0,0,0,0,0,0,0,0,0,0,0,0,LSA Burger Co.,1160539,285993,Weekend Warrior,3
450082485,ChrisBallenger,0,1,0,1,0,0,0,0,0,0,0,1,0,0,0,0,0,1,0,0,0,0,0,0,0,0,0,0,1,0,0,0,0,0,0,mcpherson ranch park,2922625,177447,Quakertown Stout™,3.75
449065652,ChrisBallenger,1,1,0,0,0,0,0,1,1,0,0,0,0,0,0,0,0,0,0,0,0,0,0,0,0,0,0,1,0,0,0,0,0,0,0,Audacity Brew House,2208148,855038,Boss Raptor,3.5
449062224,ChrisBallenger,0,0,0,0,0,0,0,0,0,0,0,0,0,0,0,0,0,0,0,0,0,0,0,0,0,0,0,0,0,0,0,0,0,0,0,Audacity Brew House,2208148,1458926,Spring Break,3
449052309,ChrisBallenger,0,0,0,0,0,0,0,0,0,0,0,0,0,0,0,0,0,0,0,0,0,0,0,0,0,0,0,0,0,0,0,0,0,0,0,Audacity Brew House,2208148,1305910,Cherry Bomb,3.5
449041406,ChrisBallenger,0,1,0,0,0,0,0,0,0,0,0,1,0,0,0,0,0,0,0,0,0,0,0,0,0,0,0,0,1,0,0,0,0,0,0,Audacity Brew House,2208148,899115,Black Widow Imperial Chocolate Stout,3.5
449028096,ChrisBallenger,0,0,0,0,0,0,0,0,1,0,0,0,0,0,0,0,0,0,0,0,0,0,0,0,0,0,0,0,0,0,0,0,0,0,0,Audacity Brew House,2208148,1555576,Summer Nights,3.5
449022080,ChrisBallenger,0,0,0,0,0,0,0,0,0,0,0,0,0,0,0,0,0,0,0,0,0,0,0,0,0,0,0,0,0,0,0,0,0,0,0,Audacity Brew House,2208148,953801,Sunset,2.75
448977757,ChrisBallenger,0,0,0,1,0,0,0,0,0,0,0,1,0,0,0,0,0,0,0,0,0,0,1,1,0,0,0,0,1,0,0,0,0,0,0,QuikTrip,2877879,1323056,Café Verdad (Coffee/Cinnamon Tart),4.25
448958534,ChrisBallenger,0,0,0,1,0,0,0,0,0,1,0,0,0,0,0,0,0,0,0,0,0,0,1,1,0,0,0,0,0,0,0,0,0,0,0,Slw Law Office,1977555,1804444,Dream Folk,3.75
448894405,ChrisBallenger,1,1,0,0,0,0,0,1,0,0,0,0,0,0,0,0,0,0,0,0,0,0,0,0,0,0,0,0,0,0,0,0,0,0,0,LSA Burger Co.,1160539,1078219,Easy Peasy,3.25
448676157,ChrisBallenger,0,0,0,0,0,0,0,0,0,0,0,0,0,0,0,0,0,0,0,0,0,0,0,0,0,0,0,0,0,0,0,0,0,0,0,,0,1502788,Bourbon Barrel Bug Rye'd (Blend 1),4
448675214,ChrisBallenger,0,0,0,0,0,0,0,0,0,0,0,0,0,0,0,0,0,0,0,0,0,0,0,0,0,0,0,0,0,0,0,0,0,0,0,,0,1975963,Pe-Kan,4
447654307,ChrisBallenger,0,0,0,0,0,0,0,0,0,0,0,0,0,0,0,0,0,0,0,0,0,0,0,0,0,0,0,0,0,0,0,0,0,0,0,,0,103773,Icelandic White Ale,3.25
445365218,ChrisBallenger,0,0,0,0,0,0,0,0,0,0,0,0,0,0,0,0,0,0,0,0,0,0,0,0,0,0,0,0,0,0,0,0,0,0,0,,0,1257450,Shiner Wicked Ram IPA,3
444366211,ChrisBallenger,0,0,0,0,0,0,0,0,0,0,0,0,0,0,0,0,0,0,0,0,0,0,0,0,0,0,0,0,0,0,0,0,0,0,0,,0,4488,Shiner Bock,3.25
444313078,ChrisBallenger,1,0,1,0,0,0,0,0,0,1,0,0,0,0,0,0,0,0,0,0,0,0,1,1,0,0,0,0,0,0,0,0,0,0,0,McPherson Ranch Pool,641366,1876872,Shiner Berliner Weisse,3.5
443758620,ChrisBallenger,0,0,0,0,0,0,0,0,0,0,0,0,0,0,0,0,0,0,0,0,0,0,0,0,0,0,0,0,0,0,0,0,0,0,0,McPherson Ranch Pool,641366,39912,Shiner Light Blonde,2.75
443695850,ChrisBallenger,1,1,0,0,0,0,0,0,0,0,0,0,0,0,0,0,0,0,0,0,0,0,0,0,0,0,0,0,0,0,0,0,0,0,0,McPherson Ranch Pool,641366,3102,Shiner Kosmos Reserve,3
442965004,ChrisBallenger,1,1,0,1,0,0,0,0,0,0,0,0,0,0,0,0,0,0,0,1,0,0,0,0,0,0,0,0,1,0,0,0,0,0,0,McPherson Ranch Pool,641366,155431,The Brown Note,3.25
442513416,ChrisBallenger,0,0,0,0,0,0,0,0,0,0,0,0,0,0,0,0,0,0,0,0,0,0,0,0,0,0,0,0,0,0,0,0,0,0,0,,0,325970,Tejas Lager,3
442455823,ChrisBallenger,0,0,0,0,0,0,0,0,0,0,0,0,0,0,0,0,0,0,0,0,0,0,0,0,0,0,0,0,0,0,0,0,0,0,0,,0,16581,Oberon Ale,3
440742348,ChrisBallenger,0,0,0,0,0,0,0,0,0,0,0,0,0,0,0,0,0,0,0,0,0,0,0,0,0,0,0,0,0,0,0,0,0,0,0,Tolar High School - Football Stadium,6115635,1438666,Uncle Jacob's Stout (2016),4.75
438050546,ChrisBallenger,0,0,0,0,0,0,0,0,0,0,0,0,0,0,0,0,0,0,0,0,0,0,0,0,0,0,0,0,0,0,0,0,0,0,0,,0,294045,St. Benedict's Breakfast,2.75
438015990,ChrisBallenger,0,0,0,0,0,0,0,0,0,0,0,0,0,0,0,0,0,0,0,0,0,0,0,0,0,0,0,0,0,0,0,0,0,0,0,,0,1707088,Firestone 20 (XX) Anniversary Ale,4.5
438014933,ChrisBallenger,0,0,0,0,0,0,0,0,0,0,0,0,0,0,0,0,0,0,0,0,0,0,0,0,0,0,0,0,0,0,0,0,0,0,0,,0,1234014,Firestone 19 (XIX) Anniversary Ale,4.5
437902974,ChrisBallenger,0,0,0,0,0,0,0,0,0,0,0,0,0,0,0,0,0,0,0,0,0,0,0,0,0,0,0,0,0,0,0,0,0,0,0,,0,446259,Firestone 17 (XVII) Anniversary Ale,3.75
437902333,ChrisBallenger,0,0,0,0,0,0,0,0,0,0,0,0,0,0,0,0,0,0,0,0,0,0,0,0,0,0,0,0,0,0,0,0,0,0,0,,0,1919489,Bourbon Barrel Aged French Toast Imperial Stout (2017),4
437675753,ChrisBallenger,0,0,0,0,0,0,0,0,0,0,0,0,0,0,0,0,0,0,0,0,0,0,0,0,0,0,0,0,0,0,0,0,0,0,0,McPherson Ranch Pool,641366,1181379,Bourbon County Brand Regal Rye Stout,4
436296020,ChrisBallenger,0,0,0,0,0,0,0,0,0,0,0,0,0,0,0,0,0,0,0,0,0,0,0,0,0,0,0,0,0,0,0,0,0,0,0,Globe Life Park in Arlington,36174,3784,Bud Light,1
431107750,ChrisBallenger,0,0,0,0,0,0,0,0,0,0,0,0,0,0,0,0,0,0,0,0,0,0,0,0,0,0,0,0,0,0,0,0,0,0,0,,0,1953518,Funky Gold Citra,3.25
431107476,ChrisBallenger,0,0,0,0,0,0,0,0,0,0,0,0,0,0,0,0,0,0,0,0,0,0,0,0,0,0,0,0,0,0,0,0,0,0,0,,0,1644918,Brett SMaSHY,3.25
427723191,ChrisBallenger,1,1,1,1,0,0,0,0,0,0,0,0,0,0,0,0,0,0,0,1,0,0,0,0,0,0,0,0,0,0,0,0,0,0,0,Players Sports Pub,19055,16649,Traditional Lager,3
427705019,ChrisBallenger,0,0,0,0,0,0,0,0,0,0,0,0,0,0,0,0,0,0,0,0,0,0,0,0,0,0,0,0,0,0,0,0,0,0,0,,0,15541,Oatmeal Raisin Cookie,3.75
427697828,ChrisBallenger,0,1,0,1,0,0,0,1,0,0,0,0,0,0,0,0,0,0,0,0,0,0,0,0,0,1,0,0,0,0,0,0,0,0,0,Cigar City Brewing,4612,594015,King Sue,4.25
427691199,ChrisBallenger,0,0,0,0,0,0,0,0,0,0,0,0,0,0,0,0,0,0,0,0,0,0,0,0,0,0,0,0,0,0,0,0,0,0,0,Cigar City Brewing,4612,1985917,One 87,3.25
427680040,ChrisBallenger,0,0,0,0,0,0,0,0,0,0,0,0,0,0,0,0,0,0,0,0,0,0,0,0,0,0,0,0,0,0,0,0,0,0,0,Cigar City Brewing,4612,1972819,Absolutely Okay,4
427676667,ChrisBallenger,0,1,0,1,0,0,0,0,0,0,0,0,1,0,0,0,0,0,0,0,0,0,0,0,0,0,0,0,1,0,0,0,0,0,0,Cigar City Brewing,4612,120140,Café Con Leche,4
427665535,ChrisBallenger,1,1,0,1,0,0,0,0,0,0,0,0,0,0,0,0,0,0,1,0,0,0,0,0,0,0,0,0,0,0,0,0,0,0,0,Cigar City Brewing,4612,51262,Florida Cracker,3.25
427575561,ChrisBallenger,0,1,0,1,0,0,0,1,0,0,0,0,0,0,0,0,0,0,0,1,0,0,0,0,0,0,0,1,0,0,0,0,0,0,0,Rock Brothers Brewing,4499485,1479690,Rebelution's Feeling Alright IPA,3.75
427557862,ChrisBallenger,0,0,0,1,0,0,0,1,0,0,0,0,0,0,0,0,0,0,0,0,0,0,0,0,0,0,0,0,0,0,0,0,0,0,0,Rock Brothers Brewing,4499485,1955608,311 Amber Ale,3
427533539,ChrisBallenger,1,1,0,0,0,0,0,1,0,0,0,0,0,0,0,0,0,0,0,0,0,0,0,0,0,1,0,0,0,0,0,0,0,0,0,Tampa Bay Brewing Company,9436,453710,Reef Donkey,3.5
427514525,ChrisBallenger,0,0,0,0,0,0,0,1,0,0,0,0,0,0,0,0,0,0,0,0,0,0,0,0,0,0,0,0,0,0,0,0,0,0,0,Tampa Bay Brewing Company,9436,2404,Old Elephant Foot IPA,3.25
427440170,ChrisBallenger,0,0,0,0,0,0,0,0,0,0,0,0,0,0,0,0,0,0,0,0,0,0,0,0,0,0,0,0,0,0,0,0,0,0,0,George M Steinbrenner Field,27610,3977,Belgian White,2.5
427261596,ChrisBallenger,0,0,0,0,0,0,0,0,0,0,0,0,0,0,0,0,0,0,0,0,0,0,0,0,0,0,0,0,0,0,0,0,0,0,0,Brew Bus Brewing,4388060,1990997,Double Decker Aged On Buddybrew Brazilian Coffee,4
427260820,ChrisBallenger,0,0,0,0,0,0,0,0,0,0,0,0,0,0,0,0,0,0,0,0,0,0,0,0,0,0,0,0,0,0,0,0,0,0,0,,0,1570244,Guava Passion Fruit Blind Fate,2.25
427250279,ChrisBallenger,0,0,0,0,0,0,0,0,0,0,0,0,0,0,0,0,0,0,0,0,0,0,0,0,0,0,0,0,0,0,0,0,0,0,0,Brew Bus Brewing,4388060,580497,Double Decker,3.5
427227829,ChrisBallenger,0,1,0,0,0,0,0,0,0,0,0,0,0,0,0,1,0,0,0,0,0,0,0,0,0,0,0,0,0,0,0,0,0,0,0,Brew Bus Brewing,4388060,1987279,No Right On Red,3.75
427216756,ChrisBallenger,1,0,0,1,0,0,0,0,0,0,0,0,0,0,0,0,0,0,0,0,0,0,1,0,0,1,0,0,0,0,0,0,0,0,0,Brew Bus Brewing,4388060,323378,"You're My Boy, Blue!",3.25
427200804,ChrisBallenger,0,0,0,1,0,0,0,0,0,0,0,1,0,0,0,0,0,0,0,0,0,0,0,0,0,0,0,0,0,0,0,0,0,0,0,Brew Bus Brewing,4388060,1966764,Stormin' Norman,3.5
426868947,ChrisBallenger,0,0,0,0,0,0,0,0,0,0,0,0,0,0,0,0,0,0,0,0,0,0,0,0,0,0,0,0,0,0,0,0,0,0,0,,0,1991256,Sour Amber,3.25
426784743,ChrisBallenger,0,0,0,0,0,0,0,0,0,0,0,0,0,0,0,0,0,0,0,0,0,0,0,0,0,0,0,0,0,0,0,0,0,0,0,,0,7936,Parabola,4.25
426781196,ChrisBallenger,0,0,0,0,0,0,0,0,0,0,0,0,0,0,0,0,0,0,0,0,0,0,0,0,0,0,0,0,0,0,0,0,0,0,0,,0,77322,Abraxas,3.75
426779708,ChrisBallenger,0,0,0,0,0,0,0,0,0,0,0,0,0,0,0,0,0,0,0,0,0,0,0,0,0,0,0,0,0,0,0,0,0,0,0,,0,65224,Dirty Girl Blonde,2
426777081,ChrisBallenger,0,0,0,0,0,0,0,0,0,0,0,0,0,0,0,0,0,0,0,0,0,0,0,0,0,0,0,0,0,0,0,0,0,0,0,,0,1720235,Foeder #2: Electric Boogaloo,2.75
426765265,ChrisBallenger,0,0,0,0,0,0,0,0,0,0,0,0,0,0,0,0,0,0,0,0,0,0,0,0,0,0,0,0,0,0,0,0,0,0,0,,0,1795233,Galaxy on Fire,3.25
426757827,ChrisBallenger,0,0,0,0,0,0,0,0,0,0,0,0,0,0,0,0,0,0,0,0,0,0,0,0,0,0,0,0,0,0,0,0,0,0,0,,0,9060,Hunahpu’s,4
426753152,ChrisBallenger,0,0,0,0,0,0,0,0,0,0,0,0,0,0,0,0,0,0,0,0,0,0,0,0,0,0,0,0,0,0,0,0,0,0,0,,0,1745003,La Piña De Mis Ojos,3.5
426748943,ChrisBallenger,0,0,0,0,0,0,0,0,0,0,0,0,0,0,0,0,0,0,0,0,0,0,0,0,0,0,0,0,0,0,0,0,0,0,0,,0,1884814,Southerly Love 2017,3.25
426747950,ChrisBallenger,0,0,0,0,0,0,0,0,0,0,0,0,0,0,0,0,0,0,0,0,0,0,0,0,0,0,0,0,0,0,0,0,0,0,0,,0,1983989,Juicy Sloot,3
426724693,ChrisBallenger,0,0,0,0,0,0,0,0,0,0,0,0,0,0,0,0,0,0,0,0,0,0,0,0,0,0,0,0,0,0,0,0,0,0,0,,0,1990919,Wildest Dreams (Mixed Berries),4
426717467,ChrisBallenger,0,0,0,0,0,0,0,0,0,0,0,0,0,0,0,0,0,0,0,0,0,0,0,0,0,0,0,0,0,0,0,0,0,0,0,,0,1915526,Quat Fruit Ale,3
426716716,ChrisBallenger,0,0,0,0,0,0,0,0,0,0,0,0,0,0,0,0,0,0,0,0,0,0,0,0,0,0,0,0,0,0,0,0,0,0,0,,0,1601663,Pulp Friction®,3.25
426713277,ChrisBallenger,0,0,0,0,0,0,0,0,0,0,0,0,0,0,0,0,0,0,0,0,0,0,0,0,0,0,0,0,0,0,0,0,0,0,0,,0,1661802,Banshaku,2
426711292,ChrisBallenger,0,0,0,0,0,0,0,0,0,0,0,0,0,0,0,0,0,0,0,0,0,0,0,0,0,0,0,0,0,0,0,0,0,0,0,,0,1793685,Watermelon Warhead Berliner,1
426707599,ChrisBallenger,0,0,0,0,0,0,0,0,0,0,0,0,0,0,0,0,0,0,0,0,0,0,0,0,0,0,0,0,0,0,0,0,0,0,0,,0,1873347,Brett Sea Legs,3.5
426704725,ChrisBallenger,0,0,0,0,0,0,0,0,0,0,0,0,0,0,0,0,0,0,0,0,0,0,0,0,0,0,0,0,0,0,0,0,0,0,0,,0,1916160,Sleeping Dragon,4
426701682,ChrisBallenger,0,0,0,0,0,0,0,0,0,0,0,0,0,0,0,0,0,0,0,0,0,0,0,0,0,0,0,0,0,0,0,0,0,0,0,,0,1837993,Kumquat?,3.75
426699043,ChrisBallenger,0,0,0,0,0,0,0,0,0,0,0,0,0,0,0,0,0,0,0,0,0,0,0,0,0,0,0,0,0,0,0,0,0,0,0,,0,235285,Bo & Luke,3.75
426697246,ChrisBallenger,0,0,0,0,0,0,0,0,0,0,0,0,0,0,0,0,0,0,0,0,0,0,0,0,0,0,0,0,0,0,0,0,0,0,0,,0,1852864,Barrel Aged I Am Ocean,3.5
426693815,ChrisBallenger,0,0,0,0,0,0,0,0,0,0,0,0,0,0,0,0,0,0,0,0,0,0,0,0,0,0,0,0,0,0,0,0,0,0,0,,0,1723706,Luau Krunkles,3.25
426690524,ChrisBallenger,0,0,0,0,0,0,0,0,0,0,0,0,0,0,0,0,0,0,0,0,0,0,0,0,0,0,0,0,0,0,0,0,0,0,0,Hunahpu's Day - Cotanchobee Fort Brooke Park (2017),5994390,863612,Imperial Blud,3.25
426688712,ChrisBallenger,1,0,0,1,0,0,0,0,0,0,0,0,0,0,0,0,0,0,1,0,0,0,1,1,0,0,0,0,0,0,0,0,0,0,0,Hunahpu's Day - Cotanchobee Fort Brooke Park (2017),5994390,911920,Bière de Blanc du Bois,4.5
426329541,ChrisBallenger,1,1,1,1,0,0,0,0,0,0,0,0,0,0,0,0,0,0,0,0,0,0,0,0,0,0,0,0,0,0,0,0,0,0,0,Fresco’s Waterfront Bistro,1412611,286980,St. Pete Orange Wheat,2.5
426258313,ChrisBallenger,1,0,0,0,0,0,0,1,0,0,0,0,0,0,0,0,0,0,1,0,0,0,0,0,0,0,0,0,0,0,0,0,0,0,0,Green Bench Brewing Co.,974479,1143686,Sunshine City IPA,4
426234648,ChrisBallenger,1,1,0,1,0,0,0,0,0,0,0,0,1,0,0,0,0,0,0,0,0,0,0,0,0,0,0,0,1,0,0,0,0,0,0,Cycle Brewing,921325,286901,"Cream & Sugar, Please",3.75
426219983,ChrisBallenger,0,0,0,0,0,0,0,0,0,0,0,0,0,0,0,0,0,0,0,0,0,0,0,0,0,0,0,0,0,0,0,0,0,0,0,Cycle Brewing,921325,1935211,Old Millweiser,2.75
426125827,ChrisBallenger,1,0,0,1,0,0,0,0,0,0,0,0,0,0,0,0,0,0,0,0,0,0,0,0,0,0,0,0,0,0,0,0,0,0,0,Pearly´s Beach Eats,2677909,1148684,Clearwater Honey Cream,3
425999357,ChrisBallenger,0,0,0,0,0,0,0,0,0,0,0,0,0,0,0,0,0,0,0,0,0,0,0,0,0,0,0,0,0,0,0,0,0,0,0,,0,1615074,Reel Slo Irish Red,2
425961278,ChrisBallenger,0,1,0,0,0,0,0,1,0,0,0,0,0,0,0,0,0,0,0,0,0,0,0,0,0,1,0,0,0,0,0,0,0,0,0,Datz,11378,5724,Jai Alai,3.5
425901850,ChrisBallenger,0,0,0,0,0,0,0,0,0,0,0,0,0,0,0,0,0,0,0,0,0,0,0,0,0,0,0,0,0,0,0,0,0,0,0,Cigar City Brewing,4612,11109,White Oak Jai Alai,3
425803227,ChrisBallenger,0,0,0,0,0,0,0,0,0,0,0,0,0,0,0,0,0,0,0,0,0,0,0,0,0,0,0,0,0,0,0,0,0,0,0,,0,3914,Samuel Adams Boston Lager,2.5
415094074,ChrisBallenger,0,0,0,0,0,0,0,0,0,0,0,0,0,0,0,0,0,0,0,0,0,0,0,0,0,0,0,0,0,0,0,0,0,0,0,House of Hops,1842090,286236,Bedeviled,3.5
415079008,ChrisBallenger,0,0,0,0,0,0,0,0,0,0,0,0,0,0,0,0,0,0,0,0,0,0,0,0,0,0,0,0,0,0,0,0,0,0,0,Lynnwood Grill,213,1344948,Deez Coconutz,2.75
415075289,ChrisBallenger,0,0,0,0,0,0,0,0,0,0,0,0,0,0,0,0,0,0,0,0,0,0,0,0,0,0,0,0,0,0,0,0,0,0,0,Lynnwood Grill,213,394133,Bad Leroy,3.5
415066598,ChrisBallenger,0,0,0,0,0,0,0,0,0,0,0,0,0,0,0,0,0,0,0,0,0,0,0,0,0,0,0,0,0,0,0,0,0,0,0,Lynnwood Grill,213,396859,Czech Yourself,3.5
415053866,ChrisBallenger,0,0,0,0,0,0,0,0,0,0,0,0,0,0,0,0,0,0,0,0,0,0,0,0,0,0,0,0,0,0,0,0,0,0,0,Lynnwood Grill,213,486206,Once You Go Black,3.25
415022930,ChrisBallenger,0,0,0,0,0,0,0,0,0,0,0,0,0,0,0,0,0,0,0,0,0,0,0,0,0,0,0,0,0,0,0,0,0,0,0,,0,1805609,SmOAKed Dagger,3.25
415022758,ChrisBallenger,0,0,0,0,0,0,0,0,0,0,0,0,0,0,0,0,0,0,0,0,0,0,0,0,0,0,0,0,0,0,0,0,0,0,0,,0,1826267,"Small, Tart & Handsome",3.25
414875423,ChrisBallenger,0,0,0,0,0,0,0,0,0,0,0,0,0,0,0,0,0,0,0,0,0,0,0,0,0,0,0,0,0,0,0,0,0,0,0,Embassy Suites by Hilton Raleigh Crabtree,172703,7168,Sweet Josie,2.75
414856720,ChrisBallenger,0,0,0,0,0,0,0,0,0,0,0,0,0,0,0,0,0,0,0,0,0,0,0,0,0,0,0,0,0,0,0,0,0,0,0,Bull City Burger and Brewery,35608,1866303,Whiskey Barrel-Aged Coffee Chocolate Stout,3
414853138,ChrisBallenger,0,0,0,0,0,0,0,0,0,0,0,0,0,0,0,0,0,0,0,0,0,0,0,0,0,0,0,0,0,0,0,0,0,0,0,Bull City Burger and Brewery,35608,1901949,Olden Horny Barleywine 2016,4.25
414850314,ChrisBallenger,0,0,0,0,0,0,0,0,0,0,0,0,0,0,0,0,0,0,0,0,0,0,0,0,0,0,0,0,0,0,0,0,0,0,0,Bull City Burger and Brewery,35608,114108,Littlen Horny,3.5
414845521,ChrisBallenger,0,0,0,0,0,0,0,0,0,0,0,0,0,0,0,0,0,0,0,0,0,0,0,0,0,0,0,0,0,0,0,0,0,0,0,Bull City Burger and Brewery,35608,59754,Rogers Lager,2.75
414833984,ChrisBallenger,0,0,0,0,0,0,0,0,0,0,0,0,0,0,0,0,0,0,0,0,0,0,0,0,0,0,0,0,0,0,0,0,0,0,0,Dame's Chicken & Waffles,122160,690934,Wide Open Red,3
414697959,ChrisBallenger,0,0,0,0,0,0,0,0,0,0,0,0,0,0,0,0,0,0,0,0,0,0,0,0,0,0,0,0,0,0,0,0,0,0,0,,0,121023,Space Dust IPA,3.5
414682056,ChrisBallenger,0,0,0,0,0,0,0,0,0,0,0,0,0,0,0,0,0,0,0,0,0,0,0,0,0,0,0,0,0,0,0,0,0,0,0,Oak & Dagger Public House,5425610,1738353,Coole Beans,4
414678041,ChrisBallenger,0,0,0,0,0,0,0,0,0,0,0,0,0,0,0,0,0,0,0,0,0,0,0,0,0,0,0,0,0,0,0,0,0,0,0,Oak & Dagger Public House,5425610,1911786,Baltic Porter,3.75
414671534,ChrisBallenger,0,0,0,0,0,0,0,0,0,0,0,0,0,0,0,0,0,0,0,0,0,0,0,0,0,0,0,0,0,0,0,0,0,0,0,Oak & Dagger Public House,5425610,1917050,Little Wagon Dagger,3.5
414671339,ChrisBallenger,0,0,0,0,0,0,0,0,0,0,0,0,0,0,0,0,0,0,0,0,0,0,0,0,0,0,0,0,0,0,0,0,0,0,0,,0,504431,Freak of Nature,3
414660248,ChrisBallenger,0,0,0,0,0,0,0,0,0,0,0,0,0,0,0,0,0,0,0,0,0,0,0,0,0,0,0,0,0,0,0,0,0,0,0,,0,1391079,The Good Fight,3.75
414421237,ChrisBallenger,0,0,0,0,0,0,0,0,0,0,0,0,0,0,0,0,0,0,0,0,0,0,0,0,0,0,0,0,0,0,0,0,0,0,0,,0,3794,Hoppy Trails IPA,2.75
414314349,ChrisBallenger,0,0,0,0,0,0,0,0,0,0,0,0,0,0,0,0,0,0,0,0,0,0,0,0,0,0,0,0,0,0,0,0,0,0,0,,0,3784,Bud Light,1
410244734,ChrisBallenger,0,0,0,0,0,0,0,0,0,0,0,0,0,0,0,0,0,0,0,0,0,0,0,0,0,0,0,0,0,0,0,0,0,0,0,,0,3784,Bud Light,1
408587563,ChrisBallenger,0,0,0,0,0,0,0,0,0,0,0,0,0,0,0,0,0,0,0,0,0,0,0,0,0,0,0,0,0,0,0,0,0,0,0,,0,621657,Brunch Money™ - Imperial Golden Stout,3.5
407776940,ChrisBallenger,0,0,0,0,0,0,0,0,0,0,0,0,0,0,0,0,0,0,0,0,0,0,0,0,0,0,0,0,0,0,0,0,0,0,0,mcpherson ranch park,2922625,1857439,BBH With Cherries,4.25
407233685,ChrisBallenger,0,0,0,0,0,0,0,0,0,0,0,0,0,0,0,0,0,0,0,0,0,0,0,0,0,0,0,0,0,0,0,0,0,0,0,,0,1607041,Chocolate Bourbon Stout,3
406109226,ChrisBallenger,0,0,0,0,0,0,0,0,0,0,0,0,0,0,0,0,0,0,0,0,0,0,0,0,0,0,0,0,0,0,0,0,0,0,0,What’s On Tap Keller,5615958,5805,Nelson,3.5
406053781,ChrisBallenger,0,0,0,0,0,0,0,0,0,0,0,0,0,0,0,0,0,0,0,0,0,0,0,0,0,0,0,0,0,0,0,0,0,0,0,What’s On Tap Keller,5615958,1846549,Bourbon Barrel Temptress (2016),4.5
403308481,ChrisBallenger,0,0,0,0,0,0,0,0,0,0,0,0,0,0,0,0,0,0,0,0,0,0,0,0,0,0,0,0,0,0,0,0,0,0,0,,0,1765605,Christmas Bomb! (2016),5
401857694,ChrisBallenger,0,0,0,0,0,0,0,0,0,0,0,0,0,0,0,0,0,0,0,0,0,0,0,0,0,0,0,0,0,0,0,0,0,0,0,Whitestone Golf Club,1281385,1804436,Black Currant Petite Golden Sour,4
401855534,ChrisBallenger,0,0,0,0,0,0,0,0,0,0,0,0,0,0,0,0,0,0,0,0,0,0,0,0,0,0,0,0,0,0,0,0,0,0,0,,0,1050955,Feisty Blonde,3.5
401261451,ChrisBallenger,0,0,0,0,0,0,0,0,0,0,0,0,0,0,0,0,0,0,0,0,0,0,0,0,0,0,0,0,0,0,0,0,0,0,0,HopFusion Ale Works,3056639,1050961,Steampipe,3
401200053,ChrisBallenger,0,0,0,0,0,0,0,0,0,0,0,0,0,0,0,0,0,0,0,0,0,0,0,0,0,0,0,0,0,0,0,0,0,0,0,The Collective Brewing Project,981248,1804474,American Sour Red - 2016,4
401190606,ChrisBallenger,0,0,0,0,0,0,0,0,0,0,0,0,0,0,0,0,0,0,0,0,0,0,0,0,0,0,0,0,0,0,0,0,0,0,0,The Collective Brewing Project,981248,1302305,End of the Weak,4
401085400,ChrisBallenger,0,0,0,0,0,0,0,0,0,0,0,0,0,0,0,0,0,0,0,0,0,0,0,0,0,0,0,0,0,0,0,0,0,0,0,Rahr & Sons Brewing Co.,3556,108700,Angry Santa,3
401072276,ChrisBallenger,0,0,0,0,0,0,0,0,0,0,0,0,0,0,0,0,0,0,0,0,0,0,0,0,0,0,0,0,0,0,0,0,0,0,0,Rahr & Sons Brewing Co.,3556,33689,Texas Red,2.75
397774529,ChrisBallenger,0,0,0,0,0,0,0,0,0,0,0,0,0,0,0,0,0,0,0,0,0,0,0,0,0,0,0,0,0,0,0,0,0,0,0,,0,1383533,BBH With Chocolate,4.5
394361256,ChrisBallenger,0,0,0,0,0,0,0,0,0,0,0,0,0,0,0,0,0,0,0,0,0,0,0,0,0,0,0,0,0,0,0,0,0,0,0,,0,621657,Brunch Money™ - Imperial Golden Stout,4
394350965,ChrisBallenger,0,0,0,0,0,0,0,0,0,0,0,0,0,0,0,0,0,0,0,0,0,0,0,0,0,0,0,0,0,0,0,0,0,0,0,Midway Craft House,4334620,98448,Speedway Stout (Vietnamese Coffee),4.5
394001598,ChrisBallenger,0,0,0,0,0,0,0,0,0,0,0,0,0,0,0,0,0,0,0,0,0,0,0,0,0,0,0,0,0,0,0,0,0,0,0,The Ginger Man,409811,8767,Delirium Noël / Christmas,3.5
393989947,ChrisBallenger,0,0,0,0,0,0,0,0,0,0,0,0,0,0,0,0,0,0,0,0,0,0,0,0,0,0,0,0,0,0,0,0,0,0,0,The Ginger Man,409811,1199375,Insulated Dark Lager,3.5
392873263,ChrisBallenger,0,0,0,0,0,0,0,0,0,0,0,0,0,0,0,0,0,0,0,0,0,0,0,0,0,0,0,0,0,0,0,0,0,0,0,,0,1490463,Stickee Monkee (2016),4
392872884,ChrisBallenger,0,0,0,0,0,0,0,0,0,0,0,0,0,0,0,0,0,0,0,0,0,0,0,0,0,0,0,0,0,0,0,0,0,0,0,,0,5034,Bourbon Barrel Aged Winter Warmer,3.75
392666491,ChrisBallenger,0,0,0,0,0,0,0,0,0,0,0,0,0,0,0,0,0,0,0,0,0,0,0,0,0,0,0,0,0,0,0,0,0,0,0,,0,365905,Deal With The Devil,4
392664450,ChrisBallenger,0,0,0,0,0,0,0,0,0,0,0,0,0,0,0,0,0,0,0,0,0,0,0,0,0,0,0,0,0,0,0,0,0,0,0,mcpherson ranch park,2922625,384008,Woodside,4
392595110,ChrisBallenger,0,0,0,0,0,0,0,0,0,0,0,0,0,0,0,0,0,0,0,0,0,0,0,0,0,0,0,0,0,0,0,0,0,0,0,mcpherson ranch park,2922625,1663929,Lake Ontario - Wine Barrel Aged Strong Blonde,4.25
392546835,ChrisBallenger,0,0,0,0,0,0,0,0,0,0,0,0,0,0,0,0,0,0,0,0,0,0,0,0,0,0,0,0,0,0,0,0,0,0,0,,0,4499,Pliny the Elder,4
392457201,ChrisBallenger,0,0,0,0,0,0,0,0,0,0,0,0,0,0,0,0,0,0,0,0,0,0,0,0,0,0,0,0,0,0,0,0,0,0,0,mcpherson ranch park,2922625,6905,Shiner Holiday Cheer,3
388254023,ChrisBallenger,0,0,0,0,0,0,0,0,0,0,0,0,0,0,0,0,0,0,0,0,0,0,0,0,0,0,0,0,0,0,0,0,0,0,0,mcpherson ranch park,2922625,1477495,Pirate Bomb! (2016),5
386816437,ChrisBallenger,0,0,0,0,0,0,0,0,0,0,0,0,0,0,0,0,0,0,0,0,0,0,0,0,0,0,0,0,0,0,0,0,0,0,0,Kool Keg ,3966720,1240527,Bourbon County Brand Stout (2015) 14.3%,4.75
386595029,ChrisBallenger,0,0,0,0,0,0,0,0,0,0,0,0,0,0,0,0,0,0,0,0,0,0,0,0,0,0,0,0,0,0,0,0,0,0,0,,0,1728634,Fascinating Bellman,4
384780504,ChrisBallenger,0,0,0,0,0,0,0,0,0,0,0,0,0,0,0,0,0,0,0,0,0,0,0,0,0,0,0,0,0,0,0,0,0,0,0,Wild Acre Brewing Co.,4791963,1460369,Moonlight Shine,3
384752740,ChrisBallenger,0,0,0,0,0,0,0,0,0,0,0,0,0,0,0,0,0,0,0,0,0,0,0,0,0,0,0,0,0,0,0,0,0,0,0,Wild Acre Brewing Co.,4791963,1460122,Billy Jenkins,3
384727574,ChrisBallenger,0,0,0,0,0,0,0,0,0,0,0,0,0,0,0,0,0,0,0,0,0,0,0,0,0,0,0,0,0,0,0,0,0,0,0,Wild Acre Brewing Co.,4791963,1444046,Tarantula Hawk,2.5
384694387,ChrisBallenger,0,0,0,0,0,0,0,0,0,0,0,0,0,0,0,0,0,0,0,0,0,0,0,0,0,0,0,0,0,0,0,0,0,0,0,Wild Acre Brewing Co.,4791963,1827177,Soul 'O Coco,3.25
384667175,ChrisBallenger,0,0,0,0,0,0,0,0,0,0,0,0,0,0,0,0,0,0,0,0,0,0,0,0,0,0,0,0,0,0,0,0,0,0,0,The Collective Brewing Project,981248,1565798,Plum Petite Golden Sour,4
384630946,ChrisBallenger,0,0,0,0,0,0,0,0,0,0,0,0,0,0,0,0,0,0,0,0,0,0,0,0,0,0,0,0,0,0,0,0,0,0,0,Rahr & Sons Brewing Co.,3556,1804436,Black Currant Petite Golden Sour,4
384579693,ChrisBallenger,0,0,0,0,0,0,0,0,0,0,0,0,0,0,0,0,0,0,0,0,0,0,0,0,0,0,0,0,0,0,0,0,0,0,0,Rahr & Sons Brewing Co.,3556,1808748,Ranch House Peach Saison,3.25
384178614,ChrisBallenger,0,0,0,0,0,0,0,0,0,0,0,0,0,0,0,0,0,0,0,0,0,0,0,0,0,0,0,0,0,0,0,0,0,0,0,,0,4995,Purple Haze,2.75
378037416,ChrisBallenger,0,0,0,0,0,0,0,0,0,0,0,0,0,0,0,0,0,0,0,0,0,0,0,0,0,0,0,0,0,0,0,0,0,0,0,mcpherson ranch park,2922625,1240527,Bourbon County Brand Stout (2015) 14.3%,4.75
378036677,ChrisBallenger,0,0,0,0,0,0,0,0,0,0,0,0,0,0,0,0,0,0,0,0,0,0,0,0,0,0,0,0,0,0,0,0,0,0,0,,0,878028,Pineapple Sculpin,3
377293394,ChrisBallenger,0,0,0,0,0,0,0,0,0,0,0,0,0,0,0,0,0,0,0,0,0,0,0,0,0,0,0,0,0,0,0,0,0,0,0,,0,4691,Heady Topper,4.5
377194496,ChrisBallenger,0,0,0,0,0,0,0,0,0,0,0,0,0,0,0,0,0,0,0,0,0,0,0,0,0,0,0,0,0,0,0,0,0,0,0,,0,223159,Buddha’s Brew,3.75
372397205,ChrisBallenger,0,0,0,0,0,0,0,0,0,0,0,0,0,0,0,0,0,0,0,0,0,0,0,0,0,0,0,0,0,0,0,0,0,0,0,mcpherson ranch park,2922625,1405192,Darkest Night Imperial Stout,4.25
371939763,ChrisBallenger,0,0,0,0,0,0,0,0,0,0,0,0,0,0,0,0,0,0,0,0,0,0,0,0,0,0,0,0,0,0,0,0,0,0,0,mcpherson ranch park,2922625,1662581,Lion's Share IV: Anniversary Ale,4.5
371520754,ChrisBallenger,0,0,0,0,0,0,0,0,0,0,0,0,0,0,0,0,0,0,0,0,0,0,0,0,0,0,0,0,0,0,0,0,0,0,0,mcpherson ranch park,2922625,14435,Weihenstephaner Korbinian,3.5
371384297,ChrisBallenger,0,0,0,0,0,0,0,0,0,0,0,0,0,0,0,0,0,0,0,0,0,0,0,0,0,0,0,0,0,0,0,0,0,0,0,Midway Craft House,4334620,1667566,F.U.N. Series 014: Roll In the Hay,4.5
370473527,ChrisBallenger,0,0,0,0,0,0,0,0,0,0,0,0,0,0,0,0,0,0,0,0,0,0,0,0,0,0,0,0,0,0,0,0,0,0,0,,0,3587,Mirror Pond Pale Ale,3
368734509,ChrisBallenger,0,0,0,0,0,0,0,0,0,0,0,0,0,0,0,0,0,0,0,0,0,0,0,0,0,0,0,0,0,0,0,0,0,0,0,Tres Rios RV Resort (OC Properties),2940397,1395527,The Parking Lot Grisette,3.75
366560110,ChrisBallenger,0,0,0,0,0,0,0,0,0,0,0,0,0,0,0,0,0,0,0,0,0,0,0,0,0,0,0,0,0,0,0,0,0,0,0,,0,580023,All Call,2.75
364292044,ChrisBallenger,0,0,0,0,0,0,0,0,0,0,0,0,0,0,0,0,0,0,0,0,0,0,0,0,0,0,0,0,0,0,0,0,0,0,0,Whitestone Golf Club,1281385,1426332,Hell For Stout American Wild Dark,3.25
364276473,ChrisBallenger,0,0,0,0,0,0,0,0,0,0,0,0,0,0,0,0,0,0,0,0,0,0,0,0,0,0,0,0,0,0,0,0,0,0,0,Whitestone Golf Club,1281385,98448,Speedway Stout (Vietnamese Coffee),4.25
364259458,ChrisBallenger,0,0,0,0,0,0,0,0,0,0,0,0,0,0,0,0,0,0,0,0,0,0,0,0,0,0,0,0,0,0,0,0,0,0,0,Whitestone Golf Club,1281385,543365,Vermilion,4
364212358,ChrisBallenger,0,0,0,0,0,0,0,0,0,0,0,0,0,0,0,0,0,0,0,0,0,0,0,0,0,0,0,0,0,0,0,0,0,0,0,Whitestone Golf Club,1281385,13559,Zombie Dust,4.5
364200333,ChrisBallenger,0,0,0,0,0,0,0,0,0,0,0,0,0,0,0,0,0,0,0,0,0,0,0,0,0,0,0,0,0,0,0,0,0,0,0,Whitestone Golf Club,1281385,1610394,Bishop's Barrel No. 14,4.75
364180005,ChrisBallenger,0,0,0,0,0,0,0,0,0,0,0,0,0,0,0,0,0,0,0,0,0,0,0,0,0,0,0,0,0,0,0,0,0,0,0,Whitestone Golf Club,1281385,1468817,Bishop's Barrel No. 13,5
364164300,ChrisBallenger,0,0,0,0,0,0,0,0,0,0,0,0,0,0,0,0,0,0,0,0,0,0,0,0,0,0,0,0,0,0,0,0,0,0,0,Whitestone Golf Club,1281385,1325831,Bishop's Barrel No. 12,4.25
364141872,ChrisBallenger,0,0,0,0,0,0,0,0,0,0,0,0,0,0,0,0,0,0,0,0,0,0,0,0,0,0,0,0,0,0,0,0,0,0,0,Whitestone Golf Club,1281385,1245957,Bishop's Barrel No. 11,4.5
364132080,ChrisBallenger,0,0,0,0,0,0,0,0,0,0,0,0,0,0,0,0,0,0,0,0,0,0,0,0,0,0,0,0,0,0,0,0,0,0,0,Whitestone Golf Club,1281385,1109602,Bishop's Barrel No. 10,4.25
364105825,ChrisBallenger,0,0,0,0,0,0,0,0,0,0,0,0,0,0,0,0,0,0,0,0,0,0,0,0,0,0,0,0,0,0,0,0,0,0,0,Whitestone Golf Club,1281385,1042437,Bishop's Barrel No. 9,4.75
364084122,ChrisBallenger,0,0,0,0,0,0,0,0,0,0,0,0,0,0,0,0,0,0,0,0,0,0,0,0,0,0,0,0,0,0,0,0,0,0,0,Whitestone Golf Club,1281385,921353,Bishop's Barrel No. 8,4.75
364060429,ChrisBallenger,0,0,0,0,0,0,0,0,0,0,0,0,0,0,0,0,0,0,0,0,0,0,0,0,0,0,0,0,0,0,0,0,0,0,0,Whitestone Golf Club,1281385,754392,Bishop's Barrel No. 7,5
364037206,ChrisBallenger,0,0,0,0,0,0,0,0,0,0,0,0,0,0,0,0,0,0,0,0,0,0,0,0,0,0,0,0,0,0,0,0,0,0,0,Whitestone Golf Club,1281385,496512,Bishop’s Barrel No. 6,4.25
364018122,ChrisBallenger,0,0,0,0,0,0,0,0,0,0,0,0,0,0,0,0,0,0,0,0,0,0,0,0,0,0,0,0,0,0,0,0,0,0,0,Whitestone Golf Club,1281385,491819,Bishop's Barrel No. 5,5
364004904,ChrisBallenger,0,0,0,0,0,0,0,0,0,0,0,0,0,0,0,0,0,0,0,0,0,0,0,0,0,0,0,0,0,0,0,0,0,0,0,Whitestone Golf Club,1281385,313128,Bishop's Barrel No. 4,3.75
363990601,ChrisBallenger,0,0,0,0,0,0,0,0,0,0,0,0,0,0,0,0,0,0,0,0,0,0,0,0,0,0,0,0,0,0,0,0,0,0,0,Whitestone Golf Club,1281385,361102,Bishop's Barrel No. 3,4.5
363977397,ChrisBallenger,0,0,0,0,0,0,0,0,0,0,0,0,0,0,0,0,0,0,0,0,0,0,0,0,0,0,0,0,0,0,0,0,0,0,0,Whitestone Golf Club,1281385,306991,Bishop's Barrel No. 2,4.5
363970572,ChrisBallenger,0,0,0,0,0,0,0,0,0,0,0,0,0,0,0,0,0,0,0,0,0,0,0,0,0,0,0,0,0,0,0,0,0,0,0,Whitestone Golf Club,1281385,248637,Bishop's Barrel No. 1,4.25
363957305,ChrisBallenger,0,0,0,0,0,0,0,0,0,0,0,0,0,0,0,0,0,0,0,0,0,0,0,0,0,0,0,0,0,0,0,0,0,0,0,Whitestone Golf Club,1281385,881215,Abide,4
363935217,ChrisBallenger,0,0,0,0,0,0,0,0,0,0,0,0,0,0,0,0,0,0,0,0,0,0,0,0,0,0,0,0,0,0,0,0,0,0,0,Whitestone Golf Club,1281385,1480227,Moo Caliente,3.75
362447487,ChrisBallenger,0,0,0,0,0,0,0,0,0,0,0,0,0,0,0,0,0,0,0,0,0,0,0,0,0,0,0,0,0,0,0,0,0,0,0,Wrigley Field,36209,16581,Oberon Ale,3
362443921,ChrisBallenger,0,0,0,0,0,0,0,0,0,0,0,0,0,0,0,0,0,0,0,0,0,0,0,0,0,0,0,0,0,0,0,0,0,0,0,Wrigley Field,36209,41167,American Ale,2.75
362419769,ChrisBallenger,0,0,0,0,0,0,0,0,0,0,0,0,0,0,0,0,0,0,0,0,0,0,0,0,0,0,0,0,0,0,0,0,0,0,0,Wrigley Field,36209,5925,312 Urban Wheat Ale,3
362228207,ChrisBallenger,0,0,0,0,0,0,0,0,0,0,0,0,0,0,0,0,0,0,0,0,0,0,0,0,0,0,0,0,0,0,0,0,0,0,0,Crowne Plaza Chicago O'Hare Hotel & Conference Center,427211,68394,Divided Sky Rye IPA,3.75
362214743,ChrisBallenger,0,0,0,0,0,0,0,0,0,0,0,0,0,0,0,0,0,0,0,0,0,0,0,0,0,0,0,0,0,0,0,0,0,0,0,Crowne Plaza Chicago O'Hare Hotel & Conference Center,427211,6887,Fat Tire,3
361643824,ChrisBallenger,0,0,0,0,0,0,0,0,0,0,0,0,0,0,0,0,0,0,0,0,0,0,0,0,0,0,0,0,0,0,0,0,0,0,0,,0,1388167,Aunt Sally,3.5
361068857,ChrisBallenger,0,0,0,0,0,0,0,0,0,0,0,0,0,0,0,0,0,0,0,0,0,0,0,0,0,0,0,0,0,0,0,0,0,0,0,,0,342746,Mosaic IPA,3.5
360301670,ChrisBallenger,0,0,0,0,0,0,0,0,0,0,0,0,0,0,0,0,0,0,0,0,0,0,0,0,0,0,0,0,0,0,0,0,0,0,0,Babe's Chicken Dinner House,25643,253736,French Quarter Temptress,3.75
360288862,ChrisBallenger,0,0,0,0,0,0,0,0,0,0,0,0,0,0,0,0,0,0,0,0,0,0,0,0,0,0,0,0,0,0,0,0,0,0,0,Babe's Chicken Dinner House,25643,52332,The Temptress,3
359124030,ChrisBallenger,0,0,0,0,0,0,0,0,0,0,0,0,0,0,0,0,0,0,0,0,0,0,0,0,0,0,0,0,0,0,0,0,0,0,0,mcpherson ranch park,2922625,13559,Zombie Dust,4.25
359118442,ChrisBallenger,0,0,0,0,0,0,0,0,0,0,0,0,0,0,0,0,0,0,0,0,0,0,0,0,0,0,0,0,0,0,0,0,0,0,0,mcpherson ranch park,2922625,118485,Iron Joe,3.5
359052505,ChrisBallenger,0,0,0,0,0,0,0,0,0,0,0,0,0,0,0,0,0,0,0,0,0,0,0,0,0,0,0,0,0,0,0,0,0,0,0,mcpherson ranch park,2922625,1402705,Lake Monster (Batch #3),3.75
359050151,ChrisBallenger,0,0,0,0,0,0,0,0,0,0,0,0,0,0,0,0,0,0,0,0,0,0,0,0,0,0,0,0,0,0,0,0,0,0,0,mcpherson ranch park,2922625,1571100,Pirate Okie,5
358952270,ChrisBallenger,0,0,0,0,0,0,0,0,0,0,0,0,0,0,0,0,0,0,0,0,0,0,0,0,0,0,0,0,0,0,0,0,0,0,0,mcpherson ranch park,2922625,4593,Devil Dancer,4
358870843,ChrisBallenger,0,0,0,0,0,0,0,0,0,0,0,0,0,0,0,0,0,0,0,0,0,0,0,0,0,0,0,0,0,0,0,0,0,0,0,mcpherson ranch park,2922625,1354443,Scaled Up,3.75
351585789,ChrisBallenger,0,0,0,0,0,0,0,0,0,0,0,0,0,0,0,0,0,0,0,0,0,0,0,0,0,0,0,0,0,0,0,0,0,0,0,mcpherson ranch park,2922625,13559,Zombie Dust,3.75
350473110,ChrisBallenger,0,0,0,0,0,0,0,0,0,0,0,0,0,0,0,0,0,0,0,0,0,0,0,0,0,0,0,0,0,0,0,0,0,0,0,mcpherson ranch park,2922625,1695072,Honey Please™ - Mesquite Bean Blonde Ale,3
348232264,ChrisBallenger,0,0,0,0,0,0,0,0,0,0,0,0,0,0,0,0,0,0,0,0,0,0,0,0,0,0,0,0,0,0,0,0,0,0,0,mcpherson ranch park,2922625,1593946,Apple Brandy Barrel Noir (2016),5
345400985,ChrisBallenger,0,0,0,0,0,0,0,0,0,0,0,0,0,0,0,0,0,0,0,0,0,0,0,0,0,0,0,0,0,0,0,0,0,0,0,Drunken Donkey,4272925,74083,The Regulator,3.25
345393619,ChrisBallenger,0,0,0,0,0,0,0,0,0,0,0,0,0,0,0,0,0,0,0,0,0,0,0,0,0,0,0,0,0,0,0,0,0,0,0,,0,5839,Wells Banana Bread Beer,3
345368093,ChrisBallenger,0,0,0,0,0,0,0,0,0,0,0,0,0,0,0,0,0,0,0,0,0,0,0,0,0,0,0,0,0,0,0,0,0,0,0,Drunken Donkey,4272925,943789,Jardinier,3
345349891,ChrisBallenger,0,0,0,0,0,0,0,0,0,0,0,0,0,0,0,0,0,0,0,0,0,0,0,0,0,0,0,0,0,0,0,0,0,0,0,,0,123662,Dragon's Milk,4
345346826,ChrisBallenger,0,0,0,0,0,0,0,0,0,0,0,0,0,0,0,0,0,0,0,0,0,0,0,0,0,0,0,0,0,0,0,0,0,0,0,,0,1540722,KR&D Series - IPL,3.25
345338141,ChrisBallenger,0,0,0,0,0,0,0,0,0,0,0,0,0,0,0,0,0,0,0,0,0,0,0,0,0,0,0,0,0,0,0,0,0,0,0,Drunken Donkey,4272925,1130373,Passion Fruit Kicker,3.25
345322808,ChrisBallenger,0,0,0,0,0,0,0,0,0,0,0,0,0,0,0,0,0,0,0,0,0,0,0,0,0,0,0,0,0,0,0,0,0,0,0,Drunken Donkey,4272925,7875,Mischief,3.5
345259245,ChrisBallenger,0,0,0,0,0,0,0,0,0,0,0,0,0,0,0,0,0,0,0,0,0,0,0,0,0,0,0,0,0,0,0,0,0,0,0,Shannon Brewing Company,2025877,1678642,Tangelo Double IPA,3.25
345171484,ChrisBallenger,0,0,0,0,0,0,0,0,0,0,0,0,0,0,0,0,0,0,0,0,0,0,0,0,0,0,0,0,0,0,0,0,0,0,0,mcpherson ranch park,2922625,1040593,Barrel Aged Inspiration,4.25
343611771,ChrisBallenger,0,0,0,0,0,0,0,0,0,0,0,0,0,0,0,0,0,0,0,0,0,0,0,0,0,0,0,0,0,0,0,0,0,0,0,mcpherson ranch park,2922625,1291566,Bourbon Barrel Quad (2015),4.5
340090824,ChrisBallenger,0,0,0,0,0,0,0,0,0,0,0,0,0,0,0,0,0,0,0,0,0,0,0,0,0,0,0,0,0,0,0,0,0,0,0,mcpherson ranch park,2922625,837009,Bourbon Barrel Quad (2014),4.25
340089954,ChrisBallenger,0,0,0,0,0,0,0,0,0,0,0,0,0,0,0,0,0,0,0,0,0,0,0,0,0,0,0,0,0,0,0,0,0,0,0,mcpherson ranch park,2922625,455886,Bourbon Barrel Quad (2013),3.75
339749303,ChrisBallenger,0,0,0,0,0,0,0,0,0,0,0,0,0,0,0,0,0,0,0,0,0,0,0,0,0,0,0,0,0,0,0,0,0,0,0,mcpherson ranch park,2922625,1302959,F.U.N. Series 012: Trigavé,4.25
