"CheckinId","UserName","Light","Smooth","Clean","Sweet","Woody","Zippy","Strong","Hoppy","Floral","Citrus","Milk","Dark","Creamy","Mouthfeel","Soft","Boozy","Caramel","Oatmeal","Dry","Malty","Piney","Grassy","Tart","Sour","Salty","Fruity","Heat","Bitter","Coffee","Roasty","Chocolate","Juicy","Funky","Acidic","Crushable","LocationName","LocationId","BeerId","BeerName","BeerRating"
"632410078","harrysmith007",0,0,0,0,0,0,0,0,0,0,0,0,0,0,0,0,0,0,0,0,0,0,0,0,0,0,0,0,0,0,0,0,0,0,0,"Bilmar Beachfront Cafe","5302397","5724","Jai Alai",4.5
"632239551","harrysmith007",0,0,0,0,0,0,0,1,0,0,0,0,0,0,0,0,0,0,0,0,0,0,0,0,0,0,0,0,0,0,0,0,0,0,0,"Sea Dog Brewing Company","6964012","128855","Monkey Fist IPA",4
"632227290","harrysmith007",0,0,0,0,0,0,0,0,0,0,0,0,0,0,0,0,0,0,0,1,0,0,0,0,0,0,0,0,0,0,0,0,0,0,0,"Sea Dog Brewing Company","6964012","2583864","Treasure Island Amber Ale",3.75
"632224552","harrysmith007",0,0,0,0,0,0,0,1,0,0,0,0,0,0,0,0,0,0,0,0,0,0,0,0,0,0,0,0,0,0,0,0,0,0,0,"Sea Dog Brewing Company","6964012","1369265","Island Time Session IPA",3.5
"632220873","harrysmith007",0,0,0,0,0,0,0,0,0,0,0,0,0,0,0,0,0,0,0,0,0,0,0,0,0,1,0,0,0,0,0,0,0,0,0,"Sea Dog Brewing Company","6964012","212468","Sunfish",3.75
"631678541","harrysmith007",0,0,0,0,0,0,0,0,0,0,0,0,0,0,0,0,0,0,0,0,0,0,0,0,0,0,0,0,0,0,0,0,0,0,0,"Bilmar Beach Resort Hotel Saint Pete Beach","1163531","5724","Jai Alai",4.5
"631649997","harrysmith007",0,0,0,0,0,0,0,0,0,0,0,0,0,0,0,0,0,0,0,0,0,0,0,0,0,0,0,0,0,0,0,0,0,0,0,"Treasure Island Beach","267815","5724","Jai Alai",4.5
"631452300","harrysmith007",0,0,0,0,0,0,0,0,0,0,0,0,0,0,0,0,0,0,0,0,0,0,0,0,0,0,0,0,0,0,0,0,0,0,0,"Bilmar Beach Resort Hotel Saint Pete Beach","1163531","5724","Jai Alai",4.5
"631404575","harrysmith007",0,0,0,0,0,0,0,0,0,0,0,0,0,0,0,0,0,0,0,0,0,0,0,0,0,0,0,0,0,0,0,0,0,0,0,"Bilmar Beach Resort Hotel Saint Pete Beach","1163531","5724","Jai Alai",4.5
"630396419","harrysmith007",0,0,0,0,0,0,0,0,0,0,0,0,0,0,0,0,0,0,0,0,0,0,0,0,0,0,0,0,0,0,0,0,0,0,0,"Birchwood Farms South Subdivision","231340","664024","Self Starter",3
"630017795","harrysmith007",0,0,0,0,0,0,0,0,0,0,0,0,0,0,0,0,0,0,0,0,0,0,0,0,0,0,0,0,0,0,0,0,0,0,0,"Birchwood Farms South Subdivision","231340","334772","Oregon Alley IPA",3.5
"629637309","harrysmith007",0,0,0,0,0,0,0,0,0,0,0,0,0,0,0,0,0,0,0,0,0,0,0,0,0,0,0,0,0,0,0,0,0,0,0,"Birchwood Farms South Subdivision","231340","560819","Greenskeeper Session IPA",3.75
"629378070","harrysmith007",0,0,0,0,0,0,0,0,0,0,0,0,0,0,0,0,0,0,0,0,0,0,0,0,0,0,0,0,0,0,0,0,0,0,0,"Great American Ball Park","35894","1496801","Third Wave IPA",4
"628745351","harrysmith007",0,0,0,0,0,0,0,0,0,0,0,0,0,0,0,0,0,0,0,0,0,0,0,0,0,0,0,0,0,0,0,0,0,0,0,"Birchwood Farms South Subdivision","231340","2317737","Fathom IPA",3.75
"627482233","harrysmith007",0,0,0,0,0,0,0,0,0,0,0,0,0,0,0,0,0,0,0,0,0,0,0,0,0,0,0,0,0,0,0,0,0,0,0,"Birchwood Farms South Subdivision","231340","355890","French Ridge IPA",3.5
"626840704","harrysmith007",0,0,0,0,0,0,0,0,0,0,0,0,0,0,0,0,0,0,0,0,0,0,0,0,0,0,0,0,0,0,0,0,0,0,0,"Basil On Market","7710937","1441008","Elvis Juice",3.75
"626509777","harrysmith007",0,0,0,0,0,0,0,0,0,0,0,0,0,0,0,0,0,0,0,0,0,0,0,0,0,0,0,0,0,0,0,0,0,0,0,"Mount Adams Pavilion","45239","393430","Truth",4.5
"625907038","harrysmith007",0,0,0,0,0,0,0,0,0,0,0,0,0,0,0,0,0,0,0,0,0,0,0,0,0,0,0,0,0,0,0,0,0,0,0,"Birchwood Farms South Subdivision","231340","1931824","Handsome Bull",4.5
"625059004","harrysmith007",0,0,0,0,0,0,0,0,0,0,0,0,0,0,0,0,0,0,0,0,0,0,0,0,0,0,0,0,0,0,0,0,0,0,0,"Birchwood Farms South Subdivision","231340","600426","Pacific Pear",3.5
"625055587","harrysmith007",0,0,0,0,0,0,0,0,0,0,0,0,0,0,0,0,0,0,0,0,0,0,0,0,0,0,0,0,0,0,0,0,0,0,0,"Birchwood Farms South Subdivision","231340","556978","HI-5 IPA",3.25
"624664783","harrysmith007",0,0,0,0,0,0,0,0,0,0,0,0,0,0,0,0,0,0,0,0,0,0,0,0,0,0,0,0,0,0,0,0,0,0,0,"Birchwood Farms South Subdivision","231340","2165361","Entropic Theory",4
"624306833","harrysmith007",0,0,0,0,0,0,0,0,0,0,0,0,0,0,0,0,0,0,0,0,0,0,0,0,0,0,0,0,0,0,0,0,0,0,0,"Birchwood Farms South Subdivision","231340","2589789","Jump!",3.25
"623759878","harrysmith007",0,0,0,0,0,0,0,0,0,0,0,0,0,0,0,0,0,0,0,0,0,0,0,0,0,0,0,0,0,0,0,0,0,0,0,"El Caporal Mexican Grill","248386","1452467","Estrella Jalisco",3
"623474690","harrysmith007",0,0,0,0,0,0,0,0,0,0,0,0,0,0,0,0,0,0,0,0,0,0,0,0,0,0,0,0,0,0,0,0,0,0,0,"Birchwood Farms South Subdivision","231340","5702","Punk IPA",4
"622897113","harrysmith007",0,0,0,0,0,0,0,0,0,0,0,0,0,0,0,0,0,0,0,0,0,0,0,0,0,0,0,0,0,0,0,0,0,0,0,"Little Miami Brewing Company","7130818","2598084","Miisty Mountain Hop",3.25
"622890021","harrysmith007",0,0,0,0,0,0,0,0,0,0,0,0,0,0,0,0,0,0,0,0,0,0,0,0,0,0,0,0,0,0,0,0,0,0,0,"Little Miami Brewing Company","7130818","2436116","Blackbird Fly",1.75
"622888351","harrysmith007",0,0,0,0,0,0,0,0,0,0,0,0,0,0,0,0,0,0,0,0,0,0,0,0,0,0,0,0,0,0,0,0,0,0,0,"Little Miami Brewing Company","7130818","2432070","Bike Path",2.75
"622347048","harrysmith007",0,0,0,0,0,0,0,0,0,0,0,0,0,0,0,0,0,0,0,0,0,0,0,0,0,0,0,0,0,0,0,0,0,0,0,"Birchwood Farms South Subdivision","231340","2108548","Buzz",3.75
"621964711","harrysmith007",0,0,0,0,0,0,0,0,0,0,0,0,0,0,0,0,0,0,0,0,0,0,0,0,0,0,0,0,0,0,0,0,0,0,0,"Madeira, OH","693036","5925","312 Urban Wheat Ale",3.25
"621616401","harrysmith007",0,0,0,0,0,0,0,0,0,0,0,0,0,0,0,0,0,0,0,0,0,0,0,0,0,0,0,0,0,0,0,0,0,0,0,"Crooked Tree Golf Course","214732","3121","Morland Old Speckled Hen",3.75
"621602957","harrysmith007",0,0,0,0,0,0,0,0,0,0,0,0,0,0,0,0,0,0,0,0,0,0,0,0,0,0,0,0,0,0,0,0,0,0,0,"","0","1536","Pub Ale",3.5
"621148509","harrysmith007",0,0,0,0,0,0,0,0,0,0,0,0,0,0,0,0,0,0,0,0,0,0,0,0,0,0,0,0,0,0,0,0,0,0,0,"Birchwood Farms South Subdivision","231340","2108548","Buzz",3.75
"620307802","harrysmith007",0,0,0,0,0,0,0,0,0,0,0,0,0,0,0,0,0,0,0,0,0,0,0,0,0,0,0,0,0,0,0,0,0,0,0,"Birchwood Farms South Subdivision","231340","1230095","Hugh",4
"620244757","harrysmith007",0,0,0,0,0,0,0,0,0,0,0,0,0,0,0,0,0,0,0,0,0,0,0,0,0,0,0,0,0,0,0,0,0,0,0,"Birchwood Farms South Subdivision","231340","1230095","Hugh",4
"620244034","harrysmith007",0,0,0,0,0,0,0,0,0,0,0,0,0,0,0,0,0,0,0,0,0,0,0,0,0,0,0,0,0,0,0,0,0,0,0,"Birchwood Farms South Subdivision","231340","393430","Truth",4.5
"620243169","harrysmith007",0,0,0,0,0,0,0,0,0,0,0,0,0,0,0,0,0,0,0,0,0,0,0,0,0,0,0,0,0,0,0,0,0,0,0,"Birchwood Farms South Subdivision","231340","11845","Head Hunter IPA",4.25
"619458417","harrysmith007",0,0,0,0,0,0,0,0,0,0,0,0,0,0,0,0,0,0,0,0,0,0,0,0,0,0,0,0,0,0,0,0,0,0,0,"Birchwood Farms South Subdivision","231340","2497396","Hop-On",3.75
"618938231","harrysmith007",0,0,0,0,0,0,0,0,0,0,0,0,0,0,0,0,0,0,0,0,0,0,0,0,0,0,0,0,0,0,0,0,0,0,0,"Birchwood Farms South Subdivision","231340","1062185","Melt My Brain",3
"618922374","harrysmith007",0,0,0,0,0,0,0,0,0,0,0,0,0,0,0,0,0,0,0,0,0,0,0,0,0,0,0,0,0,0,0,0,0,0,0,"Birchwood Farms South Subdivision","231340","1173527","Cidergeist Semi Dry",4
"618411693","harrysmith007",0,0,0,0,0,0,0,0,0,0,0,0,0,0,0,0,0,0,0,0,0,0,0,0,0,0,0,0,0,0,0,0,0,0,0,"Birchwood Farms South Subdivision","231340","11845","Head Hunter IPA",4
"617807981","harrysmith007",0,0,0,0,0,0,0,0,0,0,0,0,0,0,0,0,0,0,0,0,0,0,0,0,0,0,0,0,0,0,0,0,0,0,0,"Birchwood Farms South Subdivision","231340","11845","Head Hunter IPA",4
"617807353","harrysmith007",0,0,0,0,0,0,0,0,0,0,0,0,0,0,0,0,0,0,0,0,0,0,0,0,0,0,0,0,0,0,0,0,0,0,0,"Birchwood Farms South Subdivision","231340","393430","Truth",4.5
"617336876","harrysmith007",0,0,0,0,0,0,0,0,0,0,0,0,0,0,0,0,0,0,0,0,0,0,0,0,0,0,0,0,0,0,0,0,0,0,0,"Birchwood Farms South Subdivision","231340","11845","Head Hunter IPA",4
"617014302","harrysmith007",0,0,0,0,0,0,0,0,0,0,0,0,0,0,0,0,0,0,0,0,0,0,0,0,0,0,0,0,0,0,0,0,0,0,0,"Birchwood Farms South Subdivision","231340","2108548","Buzz",3.75
"616781473","harrysmith007",0,0,0,0,0,0,0,0,0,0,0,0,0,0,0,0,0,0,0,0,0,0,0,0,0,0,0,0,0,0,0,0,0,0,0,"Birchwood Farms South Subdivision","231340","393430","Truth",4.5
"616442188","harrysmith007",0,0,0,0,0,0,0,0,0,0,0,0,0,0,0,0,0,0,0,0,0,0,0,0,0,0,0,0,0,0,0,0,0,0,0,"Birchwood Farms South Subdivision","231340","2591534","Strawberry Fruitsicle",3.75
"615939491","harrysmith007",0,0,0,0,0,0,0,0,0,0,0,0,0,0,0,0,0,0,0,0,0,0,0,0,0,0,0,0,0,0,0,0,0,0,0,"Birchwood Farms South Subdivision","231340","1922139","27 Lager",3.75
"615620759","harrysmith007",0,0,0,0,0,0,0,0,0,0,0,0,0,0,0,0,0,0,0,0,0,0,0,0,0,0,0,0,0,0,0,0,0,0,0,"","0","1152919","Tastee Whip ICA",4
"615553333","harrysmith007",0,0,0,0,0,0,0,0,0,0,0,0,0,0,0,0,0,0,0,0,0,0,0,0,0,0,0,0,0,0,0,0,0,0,0,"","0","2585455","The Project Series - Citra W/ Lemon Zest",3.5
"615505688","harrysmith007",0,0,0,0,0,0,0,0,0,0,0,0,0,0,0,0,0,0,0,0,0,0,0,0,0,0,0,0,0,0,0,0,0,0,0,"","0","1152919","Tastee Whip ICA",4
"615410098","harrysmith007",0,0,0,0,0,0,0,0,0,0,0,0,0,0,0,0,0,0,0,0,0,0,0,0,0,0,0,0,0,0,0,0,0,0,0,"Birchwood Farms South Subdivision","231340","2108548","Buzz",3.75
"614929618","harrysmith007",0,0,0,0,0,0,0,0,0,0,0,0,0,0,0,0,0,0,0,0,0,0,0,0,0,0,0,0,0,0,0,0,0,0,0,"Bogart's","69663","1145083","Streaker",3.75
"614923960","harrysmith007",0,0,0,0,0,0,0,0,0,0,0,0,0,0,0,0,0,0,0,0,0,0,0,0,0,0,0,0,0,0,0,0,0,0,0,"Bogart's","69663","2701901","Cloud Five",4
"614432825","harrysmith007",0,0,0,0,0,0,0,0,0,0,0,0,0,0,0,0,0,0,0,0,0,0,0,0,0,0,0,0,0,0,0,0,0,0,0,"Birchwood Farms South Subdivision","231340","393430","Truth",4.5
"613987528","harrysmith007",0,0,0,0,0,0,0,0,0,0,0,0,0,0,0,0,0,0,0,0,0,0,0,0,0,0,0,0,0,0,0,0,0,0,0,"Birchwood Farms South Subdivision","231340","1550741","Haven",3.75
"613659683","harrysmith007",0,0,0,0,0,0,0,0,0,0,0,0,0,0,0,0,0,0,0,0,0,0,0,0,0,0,0,0,0,0,0,0,0,0,0,"Envision Cinemas Bar & Grille","4404168","316678","Punch You In The EyePA",3.75
"613506213","harrysmith007",0,0,0,0,0,0,0,0,0,0,0,0,0,0,0,0,0,0,0,0,0,0,0,0,0,0,0,0,0,0,0,0,0,0,0,"Birchwood Farms South Subdivision","231340","2502996","Superba",3.25
"612994346","harrysmith007",0,0,0,0,0,0,0,0,0,0,0,0,0,0,0,0,0,0,0,0,0,0,0,0,0,0,0,0,0,0,0,0,0,0,0,"Birchwood Farms South Subdivision","231340","1597091","Swing State",3.5
"612901207","harrysmith007",0,0,0,0,0,0,0,0,0,0,0,0,0,0,0,0,0,0,0,0,0,0,0,0,0,0,0,0,0,0,0,0,0,0,0,"Birchwood Farms South Subdivision","231340","2503172","Due & Proper",3.25
"612487968","harrysmith007",0,0,0,0,0,0,0,0,0,0,0,0,0,0,0,0,0,0,0,0,0,0,0,0,0,0,0,0,0,0,0,0,0,0,0,"Fifty West Brewing Company","492769","1075176","Rainbow Road",4
"612485793","harrysmith007",0,0,0,0,0,0,0,0,0,0,0,0,0,0,0,0,0,0,0,0,0,0,0,0,0,0,0,0,0,0,0,0,0,0,0,"Birchwood Farms South Subdivision","231340","1695486","Mango Wheat",3
"612484899","harrysmith007",0,0,0,0,0,0,0,0,0,0,0,0,0,0,0,0,0,0,0,0,0,0,0,0,0,0,0,0,0,0,0,0,0,0,0,"Birchwood Farms South Subdivision","231340","2125483","Press Tart",3
"611853227","harrysmith007",0,0,0,0,0,0,0,0,0,0,0,0,0,0,0,0,0,0,0,0,0,0,0,0,0,0,0,0,0,0,0,0,0,0,0,"Birchwood Farms South Subdivision","231340","2534223","Braxton Labs Dry Hopped Kettle Sour",3.25
"611304680","harrysmith007",0,0,0,0,0,0,0,0,0,0,0,0,0,0,0,0,0,0,0,0,0,0,0,0,0,0,0,0,0,0,0,0,0,0,0,"Birchwood Farms South Subdivision","231340","393430","Truth",4.5
"610980076","harrysmith007",0,0,0,0,0,0,0,0,0,0,0,0,0,0,0,0,0,0,0,0,0,0,0,0,0,0,0,0,0,0,0,0,0,0,0,"Birchwood Farms South Subdivision","231340","1550741","Haven",3.75
"610977968","harrysmith007",0,0,0,0,0,0,0,0,0,0,0,0,0,0,0,0,0,0,0,0,0,0,0,0,0,0,0,0,0,0,0,0,0,0,0,"S.W. Clyborne Co. Provision & Spirits","7598700","562219","Yum Yum",3.75
"610495162","harrysmith007",0,0,0,0,0,0,0,0,0,0,0,0,0,0,0,0,0,0,0,0,0,0,0,0,0,0,0,0,0,0,0,0,0,0,0,"Birchwood Farms South Subdivision","231340","1356863","Black Cherry Bourbon ",3.25
"610021739","harrysmith007",0,0,0,0,0,0,0,0,0,0,0,0,0,0,0,0,0,0,0,0,0,0,0,0,0,0,0,0,0,0,0,0,0,0,0,"Birchwood Farms South Subdivision","231340","882419","Speed Merchant",3.75
"609959479","harrysmith007",0,0,0,0,0,0,0,0,0,0,0,0,0,0,0,0,0,0,0,0,0,0,0,0,0,0,0,0,0,0,0,0,0,0,0,"Birchwood Farms South Subdivision","231340","2533846","The Final Countdown",4
"609599242","harrysmith007",0,0,0,0,0,0,0,0,0,0,0,0,0,0,0,0,0,0,0,0,0,0,0,0,0,0,0,0,0,0,0,0,0,0,0,"El Caporal Mexican Grill","248386","5849","Corona Light",3
"609506214","harrysmith007",0,0,0,0,0,0,0,0,0,0,0,0,0,0,0,0,0,0,0,0,0,0,0,0,0,0,0,0,0,0,0,0,0,0,0,"El Caporal Mexican Grill","248386","5849","Corona Light",3
"609351054","harrysmith007",0,0,0,0,0,0,0,0,0,0,0,0,0,0,0,0,0,0,0,0,0,0,0,0,0,0,0,0,0,0,0,0,0,0,0,"Birchwood Farms South Subdivision","231340","1752507","High Brow Barista",3.75
"608319628","harrysmith007",0,0,0,0,0,0,0,0,0,0,0,0,0,0,0,0,0,0,0,0,0,0,0,0,0,0,0,0,0,0,0,0,0,0,0,"Rockville, MD","107780","1304656","TropiCannon",3.75
"607773820","harrysmith007",0,0,0,0,0,0,0,0,0,0,0,0,0,0,0,0,0,0,0,0,0,0,0,0,0,0,0,0,0,0,0,0,0,0,0,"City Tap Penn Quarter","1183152","1034148","Steady Eddie",3.25
"607475360","harrysmith007",0,0,0,0,0,0,0,0,0,0,0,0,0,0,0,0,0,0,0,0,0,0,0,0,0,0,0,0,0,0,0,0,0,0,0,"Rockville, MD","107780","117064","Resin",3.75
"607146462","harrysmith007",0,0,0,0,0,0,0,1,0,0,0,0,0,0,0,0,0,0,0,0,0,0,0,0,0,0,0,0,0,0,0,0,0,0,0,"Thompson Creek public landing","5266125","421901","The Truth",4.25
"605932384","harrysmith007",0,0,0,0,0,0,0,0,0,0,0,0,0,0,0,0,0,0,0,0,0,0,0,0,0,0,0,0,0,0,0,0,0,0,0,"S.W. Clyborne Co. Provision & Spirits","7598700","2371624","Pike Street",3.5
"604896663","harrysmith007",0,0,0,0,0,0,0,0,0,0,0,0,0,0,0,0,0,0,0,0,0,0,0,0,0,0,0,0,0,0,0,0,0,0,0,"Birchwood Farms South Subdivision","231340","2502996","Superba",3.25
"604519334","harrysmith007",0,0,0,0,0,0,0,0,0,0,0,0,0,0,0,0,0,0,0,0,0,0,0,0,0,0,0,0,0,0,0,0,0,0,0,"Envision Cinemas Bar & Grille","4404168","2743","Alpha King",3.75
"604438814","harrysmith007",0,0,0,0,0,0,0,0,0,0,0,0,0,0,0,0,0,0,0,0,0,0,0,0,0,0,0,0,0,0,0,0,0,0,0,"Birchwood Farms South Subdivision","231340","2588915","Safety Scissors",3
"604318151","harrysmith007",0,0,0,0,0,0,0,0,0,0,0,0,0,0,0,0,0,0,0,0,0,0,0,0,0,0,0,0,0,0,0,0,0,0,0,"Birchwood Farms South Subdivision","231340","4170","Scrimshaw Pilsner",3.5
"604317332","harrysmith007",0,0,0,0,0,0,0,0,0,0,0,0,0,0,0,0,0,0,0,0,0,0,0,0,0,0,0,0,0,0,0,0,0,0,0,"Birchwood Farms South Subdivision","231340","9954","Gumballhead",4
"603597408","harrysmith007",0,0,0,0,0,0,0,0,0,0,0,0,0,0,0,0,0,0,0,0,0,0,0,0,0,0,0,0,0,0,0,0,0,0,0,"Nippert Stadium","90874","1479011","FC Cincinnati Blood Orange IPA",3.25
"603547695","harrysmith007",0,0,0,0,0,0,0,0,0,0,0,0,0,0,0,0,0,0,0,0,0,0,0,0,0,0,0,0,0,0,0,0,0,0,0,"The Brass Tap","1059417","196338","Jack Hammer",3.75
"602780144","harrysmith007",0,0,0,0,0,0,0,0,0,0,0,0,0,0,0,0,0,0,0,0,0,0,0,0,0,0,0,0,0,0,0,0,0,0,0,"Vincenzo's","219842","7427","Peroni Nastro Azzurro",3.25
"600489166","harrysmith007",0,0,0,0,0,0,0,0,0,0,0,0,0,0,0,0,0,0,0,0,0,0,0,0,0,0,0,0,0,0,0,0,0,0,0,"S.W. Clyborne Co. Provision & Spirits","7598700","2611980","20,000 Leagues Lager",4
"600432065","harrysmith007",0,0,0,0,0,0,0,0,0,0,0,0,0,0,0,0,0,0,0,0,0,0,0,0,0,0,0,0,0,0,0,0,0,0,0,"S.W. Clyborne Co. Provision & Spirits","7598700","2611980","20,000 Leagues Lager",4
"598331511","harrysmith007",0,0,0,0,0,0,0,0,0,0,0,0,0,0,0,0,0,0,0,0,0,0,0,0,0,0,0,0,0,0,0,0,0,0,0,"Fricker's","649080","2552524","John Lemon",3.75
"587327296","harrysmith007",0,0,0,0,0,0,0,0,0,0,0,0,0,0,0,0,0,0,0,0,0,0,0,0,0,0,0,0,0,0,0,0,0,0,0,"Rusty Bucket Restaurant and Tavern","3790622","821","Stone IPA",5
"587303526","harrysmith007",0,0,0,0,0,0,0,0,0,0,0,0,0,0,0,0,0,0,0,0,0,0,0,0,0,0,0,0,0,0,0,0,0,0,0,"Rusty Bucket Restaurant and Tavern","3790622","24983","Mystic Mama IPA",4
"586151728","harrysmith007",0,0,0,0,0,0,0,0,0,0,0,0,0,0,0,0,0,0,0,0,0,0,0,0,0,0,0,0,0,0,0,0,0,0,0,"Rusty Bucket Restaurant and Tavern","3790622","1410620","Rusty Bucket Pilsner",3.25
"585776796","harrysmith007",0,0,0,0,0,0,0,0,0,0,0,0,0,0,0,0,0,0,0,0,0,0,0,0,0,0,0,0,0,0,0,0,0,0,0,"","0","1950592","Revamp",4
"585752515","harrysmith007",0,0,0,0,0,0,0,0,0,0,0,0,0,0,0,0,0,0,0,0,0,0,0,0,0,0,0,0,0,0,0,0,0,0,0,"","0","2534223","Braxton Labs Dry Hopped Kettle Sour",3.25
"584515818","harrysmith007",0,0,0,0,0,0,0,0,0,0,0,0,0,0,0,0,0,0,0,0,0,0,0,0,0,0,0,0,0,0,0,0,0,0,0,"Westshore Pizza","92839","144918","Samuel Adams Porch Rocker",2.5
"582811282","harrysmith007",0,0,0,0,0,0,0,0,0,0,0,0,0,0,0,0,0,0,0,0,0,0,0,0,0,0,0,0,1,0,0,0,0,0,0,"Sammy's Gourmet Burgers And Beers","5494756","2005375","Han Solo",4.25
"582095299","harrysmith007",0,0,0,0,0,0,0,0,0,0,0,0,0,0,0,0,0,0,0,0,0,0,0,0,0,0,0,0,0,0,0,0,0,0,0,"LaRosa's Pizzeria Kenwood","257809","393430","Truth",4.5
"582061559","harrysmith007",0,0,0,0,0,0,0,0,0,0,0,0,0,0,0,0,0,0,0,0,0,0,0,0,0,0,0,0,0,0,0,0,0,0,0,"LaRosa's Pizzeria Kenwood","257809","393430","Truth",4.5
"579168715","harrysmith007",0,0,0,0,0,0,0,0,0,0,0,0,0,0,0,0,0,0,0,0,0,0,0,0,0,0,0,0,0,0,0,0,0,0,0,"Two Cities Pizza Co.","5524591","1493559","Juicy Lucy",3.25
"579130478","harrysmith007",0,0,0,0,0,0,0,0,0,0,0,0,0,0,0,0,0,0,0,0,0,0,0,0,0,0,0,0,0,0,0,0,0,0,0,"Two Cities Pizza Co.","5524591","2432130","Dark Rye IPA",4.25
"578659081","harrysmith007",0,0,0,0,0,0,0,0,0,0,0,0,0,0,0,0,0,0,0,0,0,0,0,0,0,0,0,0,0,0,0,0,0,0,0,"Birchwood Farms South Subdivision","231340","2344747","Flyer Red",3.25
"578307646","harrysmith007",0,0,0,0,0,0,0,0,0,0,0,0,0,0,0,0,0,0,0,0,0,0,0,0,0,0,0,0,0,0,0,0,0,0,0,"deSha's American Tavern","79269","629053","Hustle",3.5
"578298327","harrysmith007",0,0,0,0,0,0,0,0,0,0,0,0,0,0,0,0,0,0,0,0,0,0,0,0,0,0,0,0,0,0,0,0,0,0,0,"deSha's American Tavern","79269","629053","Hustle",3.5
"572649372","harrysmith007",0,0,0,0,0,0,0,0,0,0,0,0,0,0,0,0,0,0,0,0,0,0,0,0,0,0,0,0,0,0,0,0,0,0,0,"Birchwood Farms South Subdivision","231340","557011","10 TON",3.75
"571939351","harrysmith007",0,0,0,0,0,0,0,0,0,0,0,0,0,0,0,0,0,0,0,0,0,0,0,0,0,0,0,0,0,0,0,0,0,0,0,"Birchwood Farms South Subdivision","231340","334772","Oregon Alley IPA",3.5
"571289992","harrysmith007",0,0,0,0,0,0,0,0,0,0,0,0,0,0,0,0,0,0,0,0,0,0,0,0,0,0,0,0,0,0,0,0,0,0,0,"Birchwood Farms South Subdivision","231340","1461111","Nu Skool IPA",3.75
"570637391","harrysmith007",0,0,0,0,0,0,0,0,0,0,0,0,0,0,0,0,0,0,0,0,0,0,0,0,0,0,0,0,0,0,0,0,0,0,0,"Birchwood Farms South Subdivision","231340","2110702","Elevated Hop Ramble",3.5
"569938205","harrysmith007",0,0,0,0,0,0,0,0,0,0,0,0,0,0,0,0,0,0,0,0,0,0,0,0,0,0,0,0,0,0,0,0,0,0,0,"Rhinegeist Brewery","827287","1187493","Squirrel",3.75
"569906998","harrysmith007",0,0,0,0,0,0,0,0,0,0,0,0,0,0,0,0,0,0,0,0,0,0,0,0,0,0,0,0,0,0,0,0,0,0,0,"Rhinegeist Brewery","827287","616330","Luck",3.5
"568551477","harrysmith007",0,0,0,0,0,0,0,0,0,0,0,1,0,0,0,0,0,0,0,0,0,0,0,0,0,0,0,0,0,0,0,0,0,0,0,"The Senate","6242056","2411238","It's Been A Grip Since I've Had A Thug Nap",3.25
"566520853","harrysmith007",0,0,0,0,0,0,0,0,0,0,0,0,0,0,0,0,0,0,0,0,0,0,0,0,0,0,0,0,0,0,0,0,0,0,0,"Dewey's Pizza","19807","542035","Dayglow IPA",3.5
"564582328","harrysmith007",0,0,0,0,0,0,0,0,0,0,0,0,0,0,0,0,0,0,0,0,0,0,0,0,0,0,0,0,0,0,0,0,0,0,0,"Birchwood Farms South Subdivision","231340","251809","Coast To Coast IPA",3.25
"564410375","harrysmith007",0,0,0,0,0,0,0,0,0,0,0,0,0,0,0,0,0,0,0,0,0,0,0,0,0,0,0,0,0,0,0,0,0,0,0,"Birchwood Farms South Subdivision","231340","251809","Coast To Coast IPA",3.25
"563894960","harrysmith007",0,0,0,0,0,0,0,0,0,0,0,0,0,0,0,0,0,0,0,0,0,0,0,0,0,0,0,0,0,0,0,0,0,0,0,"Birchwood Farms South Subdivision","231340","251809","Coast To Coast IPA",3.5
"563850096","harrysmith007",0,0,0,0,0,0,0,0,0,0,0,0,0,0,0,0,0,0,0,0,0,0,0,0,0,0,0,0,0,0,0,0,0,0,0,"Birchwood Farms South Subdivision","231340","251809","Coast To Coast IPA",3.25
"563120141","harrysmith007",0,0,0,0,0,0,0,0,0,0,0,0,0,0,0,0,0,0,0,0,0,0,0,0,0,0,0,0,0,0,0,0,0,0,0,"Birchwood Farms South Subdivision","231340","251809","Coast To Coast IPA",3.25
"561862344","harrysmith007",0,0,0,0,0,0,0,0,0,0,0,0,0,0,0,1,0,0,0,0,0,0,0,0,0,0,0,0,0,0,0,0,0,0,0,"Rusty Bucket Restaurant and Tavern","4622920","1361813","Going Plaid Scotch Ale",4
"561462777","harrysmith007",0,0,0,0,0,0,0,0,0,0,0,0,0,0,0,0,0,0,0,0,0,0,0,0,0,0,0,0,0,0,0,0,0,0,0,"Front Street Brewery","58359","1587594","Old Davenport Gold",3.5
"561448749","harrysmith007",0,0,0,0,0,0,0,0,0,0,0,0,0,0,0,0,0,0,0,0,0,0,0,0,0,0,0,0,0,0,0,0,0,0,0,"Front Street Brewery","58359","2392033","Mosaic IPA",3.5
"561290137","harrysmith007",1,1,1,0,0,0,0,0,0,0,0,0,0,0,0,0,0,0,0,0,0,0,0,0,0,0,0,0,0,0,0,0,0,0,0,"Radisson Bar & Lounge","1258123","50755","Mississippi Blonde",4
"561069875","harrysmith007",0,0,0,0,0,0,0,0,0,0,0,0,0,0,0,0,0,0,0,0,0,0,0,0,0,0,0,0,0,0,0,0,0,0,0,"Cincinnati / Northern Kentucky International Airport (CVG) (Cincinnati / Northern Kentucky International Airport)","22602","8172","Kentucky Bourbon Barrel Ale",3.25
"559208649","harrysmith007",0,0,0,0,0,0,0,0,0,0,0,0,0,0,0,0,0,0,0,0,0,0,0,0,0,0,0,0,0,0,0,0,0,0,0,"Birchwood Farms South Subdivision","231340","2460131","Hopslam Ale (2018)",4.5
"558650236","harrysmith007",0,0,0,0,0,0,0,0,0,0,0,0,0,0,0,0,0,0,0,0,0,0,0,0,0,0,0,0,0,0,0,0,0,0,0,"Birchwood Farms South Subdivision","231340","2460131","Hopslam Ale (2018)",4.5
"556188290","harrysmith007",0,0,0,0,0,0,0,0,0,0,0,0,0,0,0,0,0,0,0,0,0,0,0,0,0,0,0,0,0,0,0,0,0,0,0,"Birchwood Farms South Subdivision","231340","2460131","Hopslam Ale (2018)",4.5
"555815882","harrysmith007",0,0,0,0,0,0,0,0,0,0,0,0,0,0,0,0,0,0,0,0,0,0,0,0,0,0,0,0,0,0,0,0,0,0,0,"","0","896685","Andromeda",4
"555690341","harrysmith007",0,0,0,0,0,0,0,0,0,0,0,0,0,0,0,0,0,0,0,0,0,0,0,0,0,0,0,0,0,0,0,0,0,0,0,"","0","896685","Andromeda",4
"554925172","harrysmith007",0,0,0,0,0,0,0,0,0,0,0,0,0,0,0,0,0,0,0,0,0,0,0,0,0,0,0,0,0,0,0,0,0,0,0,"Birchwood Farms South Subdivision","231340","2460131","Hopslam Ale (2018)",4.5
"554300504","harrysmith007",0,1,0,0,0,0,0,0,0,0,0,0,0,0,0,0,0,0,0,0,0,0,0,0,0,0,0,0,0,0,0,0,0,0,0,"Birchwood Farms South Subdivision","231340","2460131","Hopslam Ale (2018)",4.5
"554076075","harrysmith007",0,0,0,0,0,0,0,0,0,0,0,0,0,0,0,0,0,0,0,0,0,0,0,0,0,0,0,0,0,0,0,0,0,0,0,"Birchwood Farms South Subdivision","231340","1952112","Thick Mint",3.25
"553884999","harrysmith007",0,0,0,0,0,0,0,0,0,0,0,0,0,0,0,0,0,0,0,0,0,0,0,0,0,0,0,0,0,0,0,0,0,0,0,"Birchwood Farms South Subdivision","231340","338942","Black",3.75
"553688127","harrysmith007",0,0,0,0,0,0,0,0,0,0,0,0,0,0,0,0,0,0,0,0,0,0,0,0,0,0,0,0,0,0,0,0,0,0,0,"Birchwood Farms South Subdivision","231340","1506978","Mango & Hops",3
"552895186","harrysmith007",0,0,0,0,0,0,0,0,0,0,0,0,0,0,0,0,0,0,0,0,0,0,0,0,0,0,0,0,0,0,0,0,0,0,0,"Buffalo Wings & Rings","5730860","2352086","El Jefe",4
"552468260","harrysmith007",0,0,0,0,0,0,0,0,0,0,0,0,0,0,0,0,0,0,0,0,0,0,0,0,0,0,0,0,0,0,0,0,0,0,0,"Birchwood Farms South Subdivision","231340","2397839","Mighty Things",4
"551862588","harrysmith007",0,0,0,0,0,0,0,0,0,0,0,0,0,0,0,0,0,0,0,0,0,0,0,0,0,0,0,0,0,0,0,0,0,0,0,"Birchwood Farms South Subdivision","231340","1761731","Milkman",4
"551457915","harrysmith007",0,0,0,0,0,0,0,0,0,0,0,0,0,0,0,0,0,0,0,0,0,0,0,0,0,0,0,0,0,0,0,0,0,0,0,"Birchwood Farms South Subdivision","231340","2111363","22nd Anniversary Ale",3.75
"549643154","harrysmith007",0,0,0,0,0,0,0,0,0,0,0,0,0,0,0,0,0,0,0,0,0,0,0,0,0,0,0,0,0,0,0,0,0,0,0,"Birchwood Farms South Subdivision","231340","2309878","Xocoveza (2017)",4.25
"549413202","harrysmith007",0,0,0,0,0,0,0,0,0,0,0,0,0,0,0,0,0,0,0,0,0,0,0,0,0,0,0,0,0,0,0,0,0,0,0,"Birchwood Farms South Subdivision","231340","406125","Warlock",3.75
"549240509","harrysmith007",0,0,0,0,0,0,0,0,0,0,0,0,0,0,0,0,0,0,0,0,0,0,0,0,0,0,0,0,0,0,0,0,0,0,0,"Birchwood Farms South Subdivision","231340","2344261","Chasin' Freshies (2017)",3.75
"548676078","harrysmith007",0,0,0,0,0,0,0,0,0,0,0,0,0,0,0,0,0,0,0,0,0,0,0,0,0,0,0,0,0,0,0,0,0,0,0,"Envision Cinemas Bar & Grille","4404168","795543","Soul Style",3.75
"547797388","harrysmith007",0,0,0,0,0,0,0,0,0,0,0,0,0,0,0,0,0,0,0,0,0,0,0,0,0,0,0,0,0,0,0,0,0,0,0,"Outback Steakhouse","37441","4179","Hazelnut Brown Nectar",4
"547497010","harrysmith007",0,0,0,0,0,0,0,0,0,0,0,0,0,0,0,0,0,0,0,0,0,0,0,0,0,0,0,0,0,0,0,0,0,0,0,"Birchwood Farms South Subdivision","231340","3996","Winter Storm",4
"546809407","harrysmith007",0,0,0,0,0,0,0,0,0,0,0,0,0,0,0,0,0,0,0,0,0,0,0,0,0,0,0,0,0,0,0,0,0,0,0,"Birchwood Farms South Subdivision","231340","2413611","Moving to the Country",3.5
"545625686","harrysmith007",0,0,0,0,0,0,0,0,0,0,0,0,0,0,0,0,0,0,0,0,0,0,0,0,0,0,0,0,0,0,0,0,0,0,0,"Mi Casita","532947","7005","Bohemia Clásica",2.75
"545135670","harrysmith007",0,0,0,0,0,0,0,0,0,0,0,0,0,0,0,0,0,0,0,0,0,0,0,0,0,0,0,0,0,0,0,0,0,0,0,"Lillington Sports Zone","723925","9230","HogWild IPA",3.25
"545087785","harrysmith007",0,0,0,0,0,0,0,1,0,0,0,0,0,0,0,0,0,0,0,0,0,0,0,0,0,0,0,0,0,0,0,0,0,0,0,"Lillington Sports Zone","723925","548057","Hoptimist IPA",3.75
"543765978","harrysmith007",0,0,0,0,0,0,0,0,0,1,0,0,0,0,0,0,0,0,0,0,0,0,0,0,0,0,0,0,0,0,0,0,0,0,0,"Sammy's Gourmet Burgers And Beers","5494756","2409082","Panic! Do Nothing",4
"543561631","harrysmith007",0,0,0,0,0,0,0,0,0,0,0,0,0,0,0,0,0,0,0,0,0,0,0,0,0,0,0,0,0,0,0,0,0,0,0,"Mariemont, OH","306865","11397","Burning River Pale Ale",4
"542083653","harrysmith007",0,0,0,0,0,0,0,0,0,0,0,0,0,0,0,0,0,0,0,0,0,0,0,0,0,0,0,0,0,0,0,0,0,0,0,"Birchwood Farms South Subdivision","231340","2397815","Experimental J-Hole",3.75
"542066487","harrysmith007",0,0,0,0,0,0,0,0,0,0,0,0,0,0,0,0,0,0,0,0,0,0,0,0,0,0,0,0,0,0,0,0,0,0,0,"Birchwood Farms South Subdivision","231340","2397815","Experimental J-Hole",3.75
"541683992","harrysmith007",0,0,0,0,0,0,0,0,0,0,0,0,0,0,0,0,0,0,0,0,0,0,0,0,0,0,0,0,0,0,0,0,0,0,0,"Birchwood Farms South Subdivision","231340","2397815","Experimental J-Hole",3.75
"540838656","harrysmith007",0,0,0,0,0,0,0,0,0,0,0,0,0,0,0,0,0,0,0,0,0,0,0,0,0,0,0,0,0,0,0,0,0,0,0,"Birchwood Farms South Subdivision","231340","2397815","Experimental J-Hole",3.75
"539017407","harrysmith007",0,0,0,0,0,0,0,0,0,0,0,0,0,0,0,0,0,0,0,0,0,0,0,0,0,0,0,0,0,0,0,0,0,0,0,"Envision Cinemas Bar & Grille","4404168","2125345","Pale Lager",3.75
"538656698","harrysmith007",0,0,0,0,0,0,0,0,0,0,0,0,0,0,0,0,0,0,0,0,0,0,0,0,0,0,0,0,0,0,0,0,0,0,0,"Birchwood Farms South Subdivision","231340","2397815","Experimental J-Hole",3.75
"538144744","harrysmith007",0,0,0,0,0,0,0,0,0,0,0,0,0,0,0,0,0,0,0,0,0,0,0,0,0,0,0,0,0,0,0,0,0,0,0,"","0","2397815","Experimental J-Hole",3.75
"537324588","harrysmith007",0,0,0,0,0,0,0,0,0,0,0,0,0,0,0,0,0,0,0,0,0,0,0,0,0,0,0,0,0,0,0,0,0,0,0,"","0","13560","Longboard Island Lager",3.5
"536792872","harrysmith007",0,0,0,0,0,0,0,0,0,0,0,0,0,0,0,0,0,0,0,0,0,0,0,0,0,0,0,0,0,0,0,0,0,0,0,"","0","536931","Lift",3.5
"536760294","harrysmith007",0,0,0,0,0,0,0,0,0,0,0,0,0,0,0,0,0,0,0,0,0,0,0,0,0,0,0,0,0,0,0,0,0,0,0,"","0","5925","312 Urban Wheat Ale",3
"536670380","harrysmith007",0,0,0,0,0,0,0,0,0,0,0,0,0,0,0,0,0,0,0,0,0,0,0,0,0,0,0,0,0,0,0,0,0,0,0,"","0","131260","West Sixth IPA",3.75
"534810303","harrysmith007",0,0,0,0,0,0,0,0,0,0,0,1,0,0,0,0,0,0,0,0,0,0,0,0,0,0,0,0,0,0,0,0,0,0,0,"Cincinnati Zoo & Botanical Garden","253","1836567","Santa's Bribe",4
"533383371","harrysmith007",0,0,0,0,0,0,0,0,0,0,0,0,0,0,0,0,0,0,0,0,0,0,0,0,0,0,0,0,0,0,0,0,0,0,0,"Two Cities Pizza Co.","5524591","2227471","Mosaic Pale Ale",3.25
"533354412","harrysmith007",0,0,0,0,0,0,0,0,0,0,0,0,0,0,0,0,0,0,0,0,0,0,0,0,0,0,0,0,0,0,0,0,0,0,0,"Two Cities Pizza Co.","5524591","2384","Rare Vos",3.75
"532494386","harrysmith007",0,0,0,0,0,0,0,0,0,0,0,0,0,0,0,0,0,0,0,0,0,0,0,0,0,0,0,0,0,0,0,0,0,0,0,"Birchwood Farms South Subdivision","231340","2368033","Winter Cheers (2017)",3.75
"532034605","harrysmith007",0,0,0,0,0,0,0,0,0,0,0,0,0,0,0,0,0,0,0,0,0,0,0,0,0,0,0,0,0,0,0,0,0,0,0,"Birchwood Farms South Subdivision","231340","2236282","Spacetime - Hoppy Wheat Ale",3.5
"531420600","harrysmith007",0,0,0,0,0,0,0,0,0,0,0,0,0,0,0,0,0,0,0,0,0,0,0,0,0,0,0,0,0,0,0,0,0,0,0,"Birchwood Farms South Subdivision","231340","481126","Sticky Icky Icky",3.75
"530498837","harrysmith007",0,0,0,0,0,0,0,0,0,0,0,0,0,0,0,0,0,0,0,0,0,0,0,0,0,0,0,0,0,0,0,0,0,0,0,"Birchwood Farms South Subdivision","231340","2317737","Fathom IPA",3.75
"530265355","harrysmith007",0,0,0,0,0,0,0,0,0,0,0,0,0,0,0,0,0,0,0,0,0,0,0,0,0,0,0,0,0,0,0,0,0,0,0,"Birchwood Farms South Subdivision","231340","1042000","Dead Blow",3.75
"528849907","harrysmith007",0,0,0,0,0,0,0,0,0,0,0,0,0,0,0,0,0,0,0,0,0,0,0,0,0,0,0,0,0,0,0,0,0,0,0,"Crooked Tree Golf Course - Chad Geiger Memorial","794535","4473","Guinness Draught",4.25
"528843920","harrysmith007",0,0,0,0,0,0,0,0,0,0,0,0,0,0,0,0,0,0,0,0,0,0,0,0,0,0,0,0,0,0,0,0,0,0,0,"Crooked Tree Golf Course - Chad Geiger Memorial","794535","2280343","Graeter's Blueberry Pie Brown Ale",2.75
"528801415","harrysmith007",0,0,0,0,0,0,0,0,0,0,0,0,0,0,0,0,0,0,0,0,0,0,0,0,0,0,0,0,0,0,0,0,0,0,0,"Crooked Tree Golf Course - Chad Geiger Memorial","794535","5852","Negra Modelo",2.5
"528799152","harrysmith007",0,0,0,0,0,0,0,0,0,0,0,0,0,0,0,0,0,0,0,0,0,0,0,0,0,0,0,0,0,0,0,0,0,0,0,"Crooked Tree Golf Course - Chad Geiger Memorial","794535","1950592","Revamp",4
"528562894","harrysmith007",0,0,0,0,0,0,0,0,0,0,0,0,0,0,0,0,0,0,0,0,0,0,0,0,0,0,0,0,0,0,0,0,0,0,0,"Crooked Tree Golf Course - Chad Geiger Memorial","794535","1950592","Revamp",4
"527111069","harrysmith007",0,0,0,0,0,0,0,0,0,0,0,0,0,0,0,0,0,0,0,0,0,0,0,0,0,0,0,0,0,0,0,0,0,0,0,"Birchwood Farms South Subdivision","231340","393430","Truth",4.5
"527078245","harrysmith007",0,0,0,0,0,0,0,0,0,0,0,0,0,0,0,0,0,0,0,0,0,0,0,0,0,0,0,0,0,0,0,0,0,0,0,"Birchwood Farms South Subdivision","231340","393430","Truth",4.5
"526886893","harrysmith007",0,0,0,0,0,0,0,0,0,0,0,0,0,0,0,0,0,0,0,0,0,0,0,0,0,0,0,0,0,0,0,0,0,0,0,"The Pub Rookwood","5372","2285369","3 Bagger",2.75
"526845977","harrysmith007",0,0,0,1,0,0,0,0,0,1,0,0,0,0,0,0,0,0,0,0,0,0,0,0,0,0,0,0,0,0,0,0,0,0,0,"The Pub Rookwood","5372","2310841","Kansas City Ika",3.75
"524987675","harrysmith007",0,0,0,0,0,0,0,0,0,0,0,0,0,0,0,0,0,0,0,0,0,0,0,0,0,0,0,0,0,0,0,0,0,0,0,"Birchwood Farms South Subdivision","231340","393430","Truth",4.5
"524635902","harrysmith007",0,0,0,0,0,0,0,0,0,0,0,0,0,0,0,0,0,0,0,0,0,0,0,0,0,0,0,0,0,0,0,0,0,0,0,"Birchwood Farms South Subdivision","231340","393430","Truth",4.5
"524397438","harrysmith007",0,0,0,0,0,0,0,0,0,0,0,0,0,0,0,0,0,0,0,0,0,0,0,0,0,0,0,0,0,0,0,0,0,0,0,"Two Cities Pizza Co.","5524591","1844871","Free City Ale",2.75
"524202200","harrysmith007",0,0,0,0,0,0,0,0,0,0,0,0,0,0,0,0,0,0,0,0,0,0,0,0,0,0,0,0,0,0,0,0,0,0,0,"Birchwood Farms South Subdivision","231340","393430","Truth",4.5
"523392714","harrysmith007",0,0,0,0,0,0,0,0,0,0,0,0,0,0,0,0,0,0,0,0,0,0,0,0,0,0,0,0,0,0,0,0,0,0,0,"Fifty West Brewing Company","492769","446511","Blaketoberfest",3.5
"521314764","harrysmith007",0,0,0,0,0,0,0,0,0,0,0,0,0,0,0,0,0,0,0,0,0,0,0,0,0,0,0,0,0,0,0,0,0,0,0,"Birchwood Farms South Subdivision","231340","1230095","Hugh",4
"520733872","harrysmith007",0,0,0,0,0,0,0,0,0,0,0,0,0,0,0,0,0,0,0,0,0,0,0,0,0,0,0,0,0,0,0,0,0,0,0,"Red Robin Gourmet Burgers","54922","3942","Samuel Adams OctoberFest",3
"520598600","harrysmith007",0,0,0,0,0,0,0,0,0,0,0,0,0,0,0,0,0,0,0,0,0,0,0,0,0,0,0,0,0,0,0,0,0,0,0,"Birchwood Farms South Subdivision","231340","1230095","Hugh",4
"519753819","harrysmith007",0,0,0,0,0,0,0,0,0,0,0,0,0,0,0,0,0,0,0,0,0,0,0,0,0,0,0,0,0,0,0,0,0,0,0,"Birchwood Farms South Subdivision","231340","1230095","Hugh",4
"519733199","harrysmith007",0,0,0,0,0,0,0,0,0,0,0,0,0,0,0,0,0,0,0,0,0,0,0,0,0,0,0,0,0,0,0,0,0,0,0,"Birchwood Farms South Subdivision","231340","1230095","Hugh",4
"519448107","harrysmith007",0,0,0,0,0,0,0,0,0,0,0,0,0,0,0,0,0,0,0,0,0,0,0,0,0,0,0,0,0,0,0,0,0,0,0,"Birchwood Farms South Subdivision","231340","1230095","Hugh",4
"517015520","harrysmith007",0,0,0,0,0,0,0,0,0,0,0,0,0,0,0,0,0,0,0,0,0,0,0,0,0,0,0,0,0,0,0,0,0,0,0,"Birchwood Farms South Subdivision","231340","1923228","2017 Graeter's Black Raspberry Chocolate Chip Milk Stout",3.75
"516785957","harrysmith007",0,0,0,0,0,0,0,0,0,0,0,0,0,0,0,0,0,0,0,0,0,0,0,0,0,0,0,0,0,0,0,0,0,0,0,"Birchwood Farms South Subdivision","231340","1441008","Elvis Juice",3.75
"516013406","harrysmith007",0,0,0,0,0,0,0,0,0,0,0,0,0,0,0,0,0,0,0,0,0,0,0,0,0,0,0,0,0,0,0,0,0,0,0,"Buffalo Wild Wings","14926","314529","PsycHOPathy",4
"515989863","harrysmith007",0,0,0,0,0,0,0,0,0,0,0,0,0,0,0,0,0,0,0,0,0,0,0,0,0,0,0,0,0,0,0,0,0,0,0,"Buffalo Wild Wings","14926","314529","PsycHOPathy",4
"514766930","harrysmith007",0,0,0,0,0,0,0,0,0,0,0,0,0,0,0,0,0,0,0,0,0,0,0,0,0,0,0,0,0,0,0,0,0,0,0,"Washington Park","309212","1026586","Nellie's Keylime Caribbean Ale",3.75
"513328675","harrysmith007",0,0,0,0,0,0,0,0,0,0,0,0,0,0,0,0,0,0,0,0,0,0,0,0,0,0,0,0,0,0,0,0,0,0,0,"Birchwood Farms South Subdivision","231340","1075847","Stryker",4.25
"512396291","harrysmith007",0,0,0,0,0,0,0,0,0,0,0,0,0,0,0,0,0,0,0,0,0,0,0,0,0,0,0,0,0,0,0,0,0,0,0,"Silver Spring House","2698","5884","OTR",4
"511991136","harrysmith007",0,0,0,0,0,0,0,0,0,0,0,0,0,0,0,0,0,0,0,0,0,0,0,0,0,0,0,0,0,0,0,0,0,0,0,"Red Robin Gourmet Burgers","54922","4509","IPA",3.25
"510223223","harrysmith007",0,0,0,0,0,0,0,0,0,0,0,0,0,0,0,0,0,0,0,0,0,0,0,0,0,0,0,0,0,0,0,0,0,0,0,"City of Mason","182028","1508987","Crash",4
"507504395","harrysmith007",0,0,0,0,0,0,0,0,0,0,0,0,0,0,0,0,0,0,0,0,0,0,0,0,0,0,0,0,0,0,0,0,0,0,0,"Fifty West Brewing Company","492769","42630","Firefly Amber",3.5
"507474729","harrysmith007",0,0,0,0,0,0,0,0,0,0,0,0,0,0,0,0,0,0,0,0,0,0,0,0,0,0,0,0,0,0,0,0,0,0,0,"Fifty West Brewing Company","492769","94435","OPA (Ohio Pale Ale)",3.75
"507440852","harrysmith007",0,0,0,0,0,0,0,0,0,0,0,0,0,0,0,0,0,0,0,0,0,0,0,0,0,0,0,0,0,0,0,0,0,0,0,"Fifty West Brewing Company","492769","24983","Mystic Mama IPA",4
"507418320","harrysmith007",0,0,0,0,0,0,0,0,0,0,0,0,0,0,0,0,0,0,0,0,0,0,0,0,0,0,0,0,0,0,0,0,0,0,0,"Fifty West Brewing Company","492769","1373110","Gamma Bomb",3.25
"507407128","harrysmith007",0,0,0,0,0,0,0,0,0,0,0,0,0,0,0,0,0,0,0,0,0,0,0,0,0,0,0,0,0,0,0,0,0,0,0,"Fifty West Brewing Company","492769","1335618","Phrenology Batch #1",3.75
"507406082","harrysmith007",0,0,0,0,0,0,0,0,0,0,0,0,0,0,0,0,0,0,0,0,0,0,0,0,0,0,0,0,0,0,0,0,0,0,0,"Mariemont, OH","306865","10080","Commodore Perry IPA",4
"506746597","harrysmith007",0,0,0,0,0,0,0,0,0,0,0,0,0,0,0,0,0,0,0,0,0,0,0,0,0,0,0,0,0,0,0,0,0,0,0,"Great American Ball Park","35894","146995","Se7en (Seven) Hefeweizen",3.75
"506673949","harrysmith007",0,0,0,0,0,0,0,0,0,0,0,0,0,0,0,0,0,0,0,0,0,0,0,0,0,0,0,0,0,0,0,0,0,0,0,"Great American Ball Park","35894","1996474","Rounding Third (2017)",3.75
"505880554","harrysmith007",0,0,0,0,0,0,0,0,0,0,0,0,0,0,0,0,0,0,0,0,0,0,0,0,0,0,0,0,0,0,0,0,0,0,0,"Red Robin Gourmet Burgers","54922","3952","60 Minute IPA",3.75
"505438626","harrysmith007",0,0,0,0,0,0,0,0,0,0,0,0,0,0,0,0,0,0,0,0,0,0,0,0,0,0,0,0,0,0,0,0,0,0,0,"Birchwood Farms South Subdivision","231340","1232491","Oktober Fuel",3
"505272748","harrysmith007",0,0,0,0,0,0,0,0,0,0,0,0,0,0,0,0,0,0,0,0,0,0,0,0,0,0,0,0,0,0,0,0,0,0,0,"Birchwood Farms South Subdivision","231340","393430","Truth",4.5
"504827623","harrysmith007",0,0,0,0,0,0,0,0,0,0,0,0,0,0,0,0,0,0,0,0,0,0,0,0,0,0,0,0,0,0,0,0,0,0,0,"","0","3834","Coors Light",2.25
"504785876","harrysmith007",0,0,0,0,0,0,0,0,0,0,0,0,0,0,0,0,0,0,0,0,0,0,0,0,0,0,0,0,0,0,0,0,0,0,0,"Holiday Inn Express & Suites Elizabethtown","984321","3834","Coors Light",2.25
"504004043","harrysmith007",0,0,0,0,0,0,0,0,0,0,0,0,0,0,0,0,0,0,0,0,0,0,0,0,0,0,0,0,0,0,0,0,0,0,0,"Birchwood Farms South Subdivision","231340","393430","Truth",4.5
"503609276","harrysmith007",0,0,0,0,0,0,0,0,0,0,0,0,0,0,0,0,0,0,0,0,0,0,0,0,0,0,0,0,0,0,0,0,0,0,0,"Paul Brown Stadium","3950","1153364","1957 All Star Ale",3.75
"503589541","harrysmith007",0,0,0,0,0,0,0,0,0,0,0,0,0,0,0,0,0,0,0,0,0,0,0,0,0,0,0,0,0,0,0,0,0,0,0,"Lot D","122551","1153364","1957 All Star Ale",3.75
"503570653","harrysmith007",0,0,0,0,0,0,0,0,0,0,0,0,0,0,0,0,0,0,0,0,0,0,0,0,0,0,0,0,0,0,0,0,0,0,0,"Lot D","122551","1153364","1957 All Star Ale",3.75
"503133953","harrysmith007",0,0,0,0,0,0,0,0,0,0,0,0,0,0,0,0,0,0,0,0,0,0,0,0,0,0,0,0,0,0,0,0,0,0,0,"Birchwood Farms South Subdivision","231340","393430","Truth",4.5
"503061439","harrysmith007",0,0,0,0,0,0,0,0,0,0,0,0,0,0,0,0,0,0,0,0,0,0,0,0,0,0,0,0,0,0,0,0,0,0,0,"BJ's Restaurant & Brewhouse","19541","25577","BJ's Oktoberfest™",3.25
"502505855","harrysmith007",0,0,0,0,0,0,0,0,0,0,0,0,0,0,0,0,0,0,0,0,0,0,0,0,0,0,0,0,0,0,0,0,0,0,0,"Williams' Meadow","1049184","2018176","Shploing!!",3.75
"502462347","harrysmith007",0,0,0,0,0,0,0,0,0,0,0,0,0,0,0,0,0,0,0,0,0,0,0,0,0,0,0,0,0,0,0,0,0,0,0,"Williams' Meadow","1049184","121023","Space Dust IPA",3.75
"501403233","harrysmith007",0,0,0,0,0,0,0,0,0,0,0,0,0,0,0,0,0,0,0,0,0,0,0,0,0,0,0,0,0,0,0,0,0,0,0,"St. Susanna Catholic Church","618919","6655","Michelob ULTRA",2.5
"501393767","harrysmith007",0,0,0,0,0,0,0,0,0,0,0,0,0,0,0,0,0,0,0,0,0,0,0,0,0,0,0,0,0,0,0,0,0,0,0,"St. Susanna Catholic Church","618919","16649","Traditional Lager",3
"501040885","harrysmith007",0,0,0,0,0,0,0,0,0,0,0,0,0,0,0,0,0,0,0,0,0,0,0,0,0,0,0,0,0,0,0,0,0,0,0,"Birchwood Farms South Subdivision","231340","393430","Truth",4.5
"501021139","harrysmith007",0,0,0,0,0,0,0,0,0,0,0,0,0,0,0,0,0,0,0,0,0,0,0,0,0,0,0,0,0,0,0,0,0,0,0,"Birchwood Farms South Subdivision","231340","1232491","Oktober Fuel",3
"500161417","harrysmith007",0,0,0,0,0,0,0,0,0,0,0,0,0,0,0,0,0,0,0,0,0,0,0,0,0,0,0,0,0,0,0,0,0,0,0,"Birchwood Farms South Subdivision","231340","393430","Truth",4.5
"500125669","harrysmith007",0,0,0,0,0,0,0,0,0,0,0,0,0,0,0,0,0,0,0,0,0,0,0,0,0,0,0,0,0,0,0,0,0,0,0,"Birchwood Farms South Subdivision","231340","1232491","Oktober Fuel",3
"498021306","harrysmith007",0,0,0,0,0,0,0,0,0,0,0,0,0,0,0,0,0,0,0,0,0,0,0,0,0,0,0,0,0,0,0,0,0,0,0,"Applebee's Neighborhood Grill & Bar","51970","3942","Samuel Adams OctoberFest",3
"498016416","harrysmith007",0,0,0,0,0,0,0,0,0,0,0,0,0,0,0,0,0,0,0,0,0,0,0,0,0,0,0,0,0,0,0,0,0,0,0,"","0","354243","Out & About",3.5
"497768533","harrysmith007",0,0,0,0,0,0,0,0,0,0,0,0,0,0,0,0,0,0,0,0,0,0,0,0,0,0,0,0,0,0,0,0,0,0,0,"Machine Room Grille","63959","36834","All Day IPA",3.5
"497481879","harrysmith007",0,0,0,0,0,0,0,0,0,0,0,0,0,0,0,0,0,0,0,0,0,0,0,0,0,0,0,0,0,0,0,0,0,0,0,"","0","454961","Franz",3
"496843976","harrysmith007",0,0,0,0,0,0,0,0,0,0,0,0,0,0,0,0,0,0,0,0,0,0,0,0,0,0,0,0,0,0,0,0,0,0,0,"Birchwood Farms South Subdivision","231340","454961","Franz",3
"496803620","harrysmith007",0,0,0,0,0,0,0,0,0,0,0,0,0,0,0,0,0,0,0,0,0,0,0,0,0,0,0,0,0,0,0,0,0,0,0,"Birchwood Farms South Subdivision","231340","454961","Franz",3
"496410258","harrysmith007",0,0,0,0,0,0,0,0,0,1,0,0,0,0,0,0,0,0,0,0,0,0,0,0,0,0,0,0,0,0,0,0,0,0,0,"Red Robin Gourmet Burgers","54922","1512388","Stone Tangerine Express IPA",3.5
"495689133","harrysmith007",0,0,0,0,0,0,0,0,0,0,0,0,0,0,0,0,0,0,0,0,0,0,0,0,0,0,0,0,0,0,0,0,0,0,0,"Birchwood Farms South Subdivision","231340","454961","Franz",3
"495232681","harrysmith007",0,0,0,0,0,0,0,0,0,0,0,0,0,0,0,0,0,0,0,0,0,0,0,0,0,0,0,0,0,0,0,0,0,0,0,"Hickory Woods","3820022","5849","Corona Light",3
"494911117","harrysmith007",0,0,0,0,0,0,0,0,0,0,0,0,0,0,0,0,0,0,0,0,0,0,0,0,0,0,0,0,0,0,0,0,0,0,0,"Quatman Cafe","74400","16649","Traditional Lager",3
"494640566","harrysmith007",0,0,0,0,0,0,0,0,0,0,0,0,0,0,0,0,0,0,0,0,0,0,0,0,0,0,0,0,0,0,0,0,0,0,0,"Birchwood Farms South Subdivision","231340","454961","Franz",3.25
"491704985","harrysmith007",0,0,0,0,0,0,0,0,0,0,0,0,0,0,0,0,0,0,0,0,0,0,0,0,0,0,0,0,0,0,0,0,0,0,0,"Birchwood Farms South Subdivision","231340","2219395","Astro Dwarf",3.75
"490523202","harrysmith007",0,0,0,0,0,0,0,0,0,0,0,0,0,0,0,0,0,0,0,0,0,0,0,0,0,0,0,0,0,0,0,0,0,0,0,"Friendly Fisherman Waterfront Restaurant","149266","5724","Jai Alai",4.5
"489952033","harrysmith007",1,0,0,0,0,0,0,0,0,0,0,0,0,0,0,0,0,0,0,0,0,0,0,0,0,0,0,0,0,0,0,0,0,0,0,"Rum Runners","290462","527325","Beach Blonde Ale",3.25
"489672653","harrysmith007",0,0,0,0,0,0,0,0,0,0,0,0,0,0,0,0,0,0,0,0,0,0,0,0,0,0,0,0,0,0,0,0,0,0,0,"Cincinnati / Northern Kentucky International Airport (CVG) (Cincinnati / Northern Kentucky International Airport)","22602","3916","Samuel Adams Summer Ale",3.25
"486656576","harrysmith007",0,0,0,0,0,0,0,0,0,0,0,0,0,0,0,0,0,0,0,0,0,0,0,0,0,0,0,0,0,0,0,0,0,0,0,"Cincinnati / Northern Kentucky International Airport (CVG) (Cincinnati / Northern Kentucky International Airport)","22602","3916","Samuel Adams Summer Ale",3
"486286099","harrysmith007",0,0,0,0,0,0,0,0,0,0,0,0,0,0,0,0,0,0,0,0,0,0,0,0,0,0,0,0,0,0,0,0,0,0,0,"Birchwood Farms South Subdivision","231340","393430","Truth",4.5
"486037885","harrysmith007",0,0,0,0,0,0,0,0,0,0,0,0,0,0,0,0,0,0,0,0,0,0,0,0,0,0,0,0,0,0,0,0,0,0,0,"Birchwood Farms South Subdivision","231340","393430","Truth",4.5
"485936211","harrysmith007",0,0,0,0,0,0,0,0,0,0,0,0,0,0,0,0,0,0,0,0,0,0,0,0,0,0,0,0,0,0,0,0,0,0,0,"Birchwood Farms South Subdivision","231340","360414","Superfuzz Blood Orange Pale",3.5
"484411922","harrysmith007",0,0,0,0,0,0,0,0,0,0,0,0,0,0,0,0,0,0,0,0,0,0,0,0,0,0,0,0,0,0,0,0,0,0,0,"Birchwood Farms South Subdivision","231340","393430","Truth",4.5
"482927957","harrysmith007",0,0,0,0,0,0,0,0,0,0,0,0,0,0,0,0,0,0,0,0,0,0,0,0,0,0,0,0,0,0,0,0,0,0,0,"Birchwood Farms South Subdivision","231340","393430","Truth",4.5
"482711148","harrysmith007",0,0,0,0,0,0,0,0,0,0,0,0,0,0,0,0,0,0,0,0,0,0,0,0,0,0,0,0,0,0,0,0,0,0,0,"Birchwood Farms South Subdivision","231340","393430","Truth",4.5
"482662633","harrysmith007",0,0,0,0,0,0,0,0,0,0,0,0,0,0,0,0,0,0,0,0,0,0,0,0,0,0,0,0,0,0,0,0,0,0,0,"Birchwood Farms South Subdivision","231340","393430","Truth",4.5
"482621011","harrysmith007",0,0,0,0,0,0,0,0,0,0,0,0,0,0,0,0,0,0,0,0,0,0,0,0,0,0,0,0,0,0,0,0,0,0,0,"Birchwood Farms South Subdivision","231340","2172728","Quadrafunk",3.75
"481874533","harrysmith007",0,0,0,0,0,0,0,0,0,0,0,0,0,0,0,0,0,0,0,0,0,0,0,0,0,0,0,0,0,0,0,0,0,0,0,"Two Cities Pizza Co.","5524591","1712254","Our Two Cents",3.5
"481401793","harrysmith007",0,0,0,0,0,0,0,0,0,0,0,0,0,0,0,0,0,0,0,0,0,0,0,0,0,0,0,0,0,0,0,0,0,0,0,"","0","8949","Summer Shandy",2.75
"481242264","harrysmith007",0,0,0,0,0,0,0,0,0,0,0,0,0,0,0,0,0,0,0,0,0,0,0,0,0,0,0,0,0,0,0,0,0,0,0,"Birchwood Farms South Subdivision","231340","393430","Truth",4.5
"480733357","harrysmith007",0,0,0,0,0,0,0,0,0,0,0,0,0,0,0,0,0,0,0,0,0,0,0,0,0,0,0,0,0,0,0,0,0,0,0,"Birchwood Farms South Subdivision","231340","1614771","Mandala Single Hop Imperial IPA",4
"480293175","harrysmith007",0,0,0,0,0,0,0,0,0,0,0,0,0,0,0,0,0,0,0,0,0,0,0,0,0,0,0,0,0,0,0,0,0,0,0,"Birchwood Farms South Subdivision","231340","2144658","Dark Swan (2017)",3
"479660959","harrysmith007",1,0,0,0,0,0,0,0,0,0,0,0,0,0,0,0,0,0,0,0,0,0,0,0,0,0,0,0,0,0,0,0,0,0,0,"Birchwood Farms South Subdivision","231340","1885146","Spotlight",3.5
"479429254","harrysmith007",0,0,0,0,0,0,0,0,0,0,0,0,0,0,0,0,0,0,0,0,0,0,0,0,0,0,0,0,0,0,0,0,0,0,0,"Birchwood Farms South Subdivision","231340","2160192","Batch #012",3.75
"478965451","harrysmith007",0,0,0,0,0,0,0,0,0,0,0,0,0,0,0,0,0,0,0,0,0,0,0,0,0,0,0,0,0,0,0,0,0,0,0,"Birchwood Farms South Subdivision","231340","5627","Andygator",3.25
"478412231","harrysmith007",0,0,0,0,0,0,0,0,0,0,0,0,0,0,0,0,0,0,0,0,0,0,0,0,0,0,0,0,0,0,0,0,0,0,0,"Two Cities Pizza Co.","5524591","3558","Brooklyn Lager",3
"477878894","harrysmith007",0,0,0,0,0,0,0,0,0,0,0,0,0,0,0,0,0,0,0,0,0,0,0,0,0,0,0,0,0,0,0,0,0,0,0,"Birchwood Farms South Subdivision","231340","1179887","Space Food",3.5
"476136827","harrysmith007",0,0,0,0,0,0,0,0,0,0,0,0,0,0,0,0,0,0,0,0,0,0,0,0,0,0,0,0,0,0,0,0,0,0,0,"Birchwood Farms South Subdivision","231340","5872","Bass Pale Ale",3.5
"475560819","harrysmith007",0,0,0,0,0,0,0,0,0,0,0,0,0,0,0,0,0,0,0,0,0,0,0,0,0,0,0,0,0,0,0,0,0,0,0,"Birchwood Farms South Subdivision","231340","360414","Superfuzz Blood Orange Pale",3.5
"474938969","harrysmith007",0,0,0,0,0,0,0,0,0,0,0,0,0,0,0,0,0,0,0,0,0,0,0,0,0,0,0,0,0,0,0,0,0,0,0,"Birchwood Farms South Subdivision","231340","867402","Not Your Father's Root Beer (5.9%)",3
"473968164","harrysmith007",0,0,0,0,0,0,0,0,0,0,0,0,0,0,0,0,0,0,0,0,0,0,0,0,0,0,0,0,0,0,0,0,0,0,0,"Birchwood Farms South Subdivision","231340","393430","Truth",4.5
"473723641","harrysmith007",0,0,0,0,0,0,0,0,0,0,0,0,0,0,0,0,0,0,0,0,0,0,0,0,0,0,0,0,0,0,0,0,0,0,0,"Birchwood Farms South Subdivision","231340","393430","Truth",4.5
"473640118","harrysmith007",0,0,0,0,0,0,0,0,0,0,0,0,0,0,0,0,0,0,0,0,0,0,0,0,0,0,0,0,0,0,0,0,0,0,0,"Birchwood Farms South Subdivision","231340","1216456","Steady Rollin' Session IPA",3.5
"473619068","harrysmith007",0,0,0,0,0,0,0,0,0,0,0,0,0,0,0,0,0,0,0,0,0,0,0,0,0,0,0,0,0,0,0,0,0,0,0,"Birchwood Farms South Subdivision","231340","1519632","Grandes Lagos",3.25
"473587842","harrysmith007",0,0,0,0,0,0,0,0,0,0,0,0,0,0,0,0,0,0,0,0,0,0,0,0,0,0,0,0,0,0,0,0,0,0,0,"Birchwood Farms South Subdivision","231340","1216456","Steady Rollin' Session IPA",3.5
"473439598","harrysmith007",0,0,0,0,0,0,0,0,0,0,0,0,0,0,0,0,0,0,0,0,0,0,0,0,0,0,0,0,0,0,0,0,0,0,0,"LaRosa's Pizzeria","327731","3839","Belgian White",2.75
"473335592","harrysmith007",0,0,0,0,0,0,0,0,0,0,0,0,0,0,0,0,0,0,0,0,0,0,0,0,0,0,0,0,0,0,0,0,0,0,0,"LaRosa's Pizzeria","327731","3839","Belgian White",2.75
"473144371","harrysmith007",0,0,0,0,0,0,0,0,0,0,0,0,0,0,0,0,0,0,0,0,0,0,0,0,0,0,0,0,0,0,0,0,0,0,0,"Birchwood Farms South Subdivision","231340","2088208","Take Home IPA",3.75
"473030672","harrysmith007",0,0,0,0,0,0,0,0,0,0,0,0,0,0,0,0,0,0,0,0,0,0,0,0,0,0,0,0,0,0,0,0,0,0,0,"Birchwood Farms South Subdivision","231340","10080","Commodore Perry IPA",4
"472826702","harrysmith007",0,0,0,0,0,0,0,0,0,0,0,0,0,0,0,0,0,0,0,0,0,0,0,0,0,0,0,0,0,0,0,0,0,0,0,"Birchwood Farms South Subdivision","231340","10080","Commodore Perry IPA",4
"472765649","harrysmith007",0,0,0,0,0,0,0,0,0,0,0,0,0,0,0,0,0,0,0,0,0,0,0,0,0,0,0,0,0,0,0,0,0,0,0,"Birchwood Farms South Subdivision","231340","11894","Detour Double IPA",4.25
"472469973","harrysmith007",0,0,0,0,0,0,0,0,0,0,0,0,0,0,0,0,0,0,0,0,0,0,0,0,0,0,0,0,0,0,0,0,0,0,0,"Birchwood Farms South Subdivision","231340","3836","Molson Canadian",3
"471639251","harrysmith007",0,0,0,0,0,0,0,0,0,0,0,0,0,0,0,0,0,0,0,0,0,0,0,0,0,0,0,0,0,0,0,0,0,0,0,"The Beach Pierside Grill & Blowfish Bar","71515","6887","Fat Tire",3.75
"471495578","harrysmith007",0,0,0,0,0,0,0,0,0,0,0,0,0,0,0,0,0,0,0,0,0,0,0,0,0,0,0,0,0,0,0,0,0,0,0,"Beach Theater","532118","5848","Corona Extra",3
"471167591","harrysmith007",0,0,0,0,0,0,0,0,0,0,0,0,0,0,0,0,0,0,0,0,0,0,0,0,0,0,0,0,0,0,0,0,0,0,0,"Nervous Nellie's","175451","544679","Light Lager",3.25
"470844142","harrysmith007",0,0,0,0,0,0,0,0,0,0,0,0,0,0,0,0,0,0,0,0,0,0,0,0,0,0,0,0,0,0,0,0,0,0,0,"Pincher's Crab Shack","23257","2119100","South of South",3
"470837546","harrysmith007",0,0,0,0,0,0,0,0,0,0,0,0,0,0,0,0,0,0,0,0,0,0,0,0,0,0,0,0,0,0,0,0,0,0,0,"Pincher's Crab Shack","23257","2119100","South of South",3
"470533920","harrysmith007",0,0,0,0,0,0,0,0,0,0,0,0,0,0,0,0,0,0,0,0,0,0,0,0,0,0,0,0,0,0,0,0,0,0,0,"Matanzas on the Bay","1547494","691345","High 5",3.75
"470479128","harrysmith007",0,0,0,0,0,0,0,0,0,0,0,0,0,0,0,0,0,0,0,0,0,0,0,0,0,0,0,0,0,0,0,0,0,0,0,"Marina Village At Snug Harbor","975732","5724","Jai Alai",4.5
"470472672","harrysmith007",0,0,0,0,0,0,0,0,0,0,0,0,0,0,0,0,0,0,0,0,0,0,0,0,0,0,0,0,0,0,0,0,0,0,0,"Marina Village At Snug Harbor","975732","5724","Jai Alai",4.5
"470352053","harrysmith007",0,0,0,0,0,0,0,0,0,0,0,0,0,0,0,0,0,0,0,0,0,0,0,0,0,0,0,0,0,0,0,0,0,0,0,"Marina Village At Snug Harbor","975732","5724","Jai Alai",4.5
"470284099","harrysmith007",0,0,0,0,0,0,0,0,0,0,0,0,0,0,0,0,0,0,0,0,0,0,0,0,0,0,0,0,0,0,0,0,0,0,0,"Doc Ford’s Rum Bar & Grille","71370","344305","Red Tape",3.5
"470221916","harrysmith007",0,0,0,0,0,0,0,0,0,0,0,0,0,0,0,0,0,0,0,0,0,0,0,0,0,0,0,0,0,0,0,0,0,0,0,"Marina Village At Snug Harbor","975732","5724","Jai Alai",4.5
"470024303","harrysmith007",0,0,0,0,0,0,0,0,0,0,0,0,0,0,0,0,0,0,0,0,0,0,0,0,0,0,0,0,0,0,0,0,0,0,0,"The Beach Pierside Grill & Blowfish Bar","71515","51262","Florida Cracker",3.75
"470000987","harrysmith007",0,0,0,0,0,0,0,0,0,0,0,0,0,0,0,0,0,0,0,0,0,0,0,0,0,0,0,0,0,0,0,0,0,0,0,"The Beach Pierside Grill & Blowfish Bar","71515","7838","Key West Sunset Ale",3.5
"469835794","harrysmith007",0,0,0,0,0,0,0,0,0,0,0,0,0,0,0,0,0,0,0,0,0,0,0,0,0,0,0,0,0,0,0,0,0,0,0,"Marina Village At Snug Harbor","975732","5724","Jai Alai",4.5
"469403296","harrysmith007",0,0,0,0,0,0,0,0,0,0,0,0,0,0,0,0,0,0,0,0,0,0,0,0,0,0,0,0,0,0,0,0,0,0,0,"Marina Village At Snug Harbor","975732","5724","Jai Alai",4.5
"468271677","harrysmith007",0,0,0,0,0,0,0,0,0,0,0,0,0,0,0,0,0,0,0,0,0,0,0,0,0,0,0,0,0,0,0,0,0,0,0,"Birchwood Farms South Subdivision","231340","602768","Ace Pineapple Cider",2.75
"467944206","harrysmith007",0,0,0,0,0,0,0,0,0,0,0,0,0,0,0,0,0,0,0,0,0,0,0,0,0,0,0,0,0,0,0,0,0,0,0,"Birchwood Farms South Subdivision","231340","1806038","Voodoo Ranger 8 Hop Pale Ale",3.75
"467650554","harrysmith007",0,0,0,0,0,0,0,0,0,0,0,0,0,0,0,0,0,0,0,0,0,0,0,0,0,0,0,0,0,0,0,0,0,0,0,"","0","1462641","Final Destination IPA",3.75
"467422247","harrysmith007",0,0,0,0,0,0,0,0,0,0,0,0,0,0,0,0,0,0,0,0,0,0,0,0,0,0,0,0,0,0,0,0,0,0,0,"Birchwood Farms South Subdivision","231340","375666","Hi-Pitch IPA",3.25
"466975257","harrysmith007",0,0,0,0,0,0,0,0,0,0,0,0,0,0,0,0,0,0,0,0,0,0,0,0,0,0,0,0,0,0,0,0,0,0,0,"Great American Ball Park","35894","5884","OTR",4
"466929127","harrysmith007",0,0,0,0,0,0,0,0,0,0,0,0,0,0,0,0,0,0,0,0,0,0,0,0,0,0,0,0,0,0,0,0,0,0,0,"","0","5884","OTR",4
"466476030","harrysmith007",0,0,0,0,0,0,0,0,0,0,0,0,0,0,0,0,0,0,0,0,0,0,0,0,0,0,0,0,0,0,0,0,0,0,0,"Rusty Bucket Restaurant and Tavern","3790622","721294","Puma",4
"466347257","harrysmith007",0,0,0,0,0,0,0,0,0,0,0,0,0,0,0,0,0,0,0,0,0,0,0,0,0,0,0,0,0,0,0,0,0,0,0,"Liberty Township","222774","3811","Miller Lite",1.25
"465857010","harrysmith007",0,0,0,0,0,0,0,0,0,0,0,0,0,0,0,0,0,0,0,0,0,0,0,0,0,0,0,0,0,0,0,0,0,0,0,"Quatman Cafe","74400","1026563","Gavel Banger",4
"465856180","harrysmith007",0,0,0,0,0,0,0,0,0,0,0,0,0,0,0,0,0,0,0,0,0,0,0,0,0,0,0,0,0,0,0,0,0,0,0,"Quatman Cafe","74400","8949","Summer Shandy",2.75
"465801357","harrysmith007",0,0,0,0,0,0,0,0,0,0,0,0,0,0,0,0,0,0,0,0,0,0,0,0,0,0,0,0,0,0,0,0,0,0,0,"Downtown Mason Plaza","2994737","393430","Truth",4.5
"465281333","harrysmith007",0,0,0,0,0,0,0,0,0,0,0,0,0,0,0,0,0,0,0,0,0,0,0,0,0,0,0,0,0,0,0,0,0,0,0,"Birchwood Farms South Subdivision","231340","1844406","Bonito",3.5
"464986918","harrysmith007",0,0,0,0,0,0,0,0,0,0,0,0,0,0,0,0,0,0,0,0,0,0,0,0,0,0,0,0,0,0,0,0,0,0,0,"Birchwood Farms South Subdivision","231340","30257","Café Racer 15™",4
"464712178","harrysmith007",0,0,0,0,0,0,0,0,0,0,0,0,0,0,0,0,0,0,0,0,0,0,0,0,0,0,0,0,0,0,0,0,0,0,0,"Birchwood Farms South Subdivision","231340","1481773","Aerialist",3.75
"464012984","harrysmith007",0,0,0,0,0,0,0,0,0,0,0,0,0,0,0,0,0,0,0,0,0,0,0,0,0,0,0,0,0,0,0,0,0,0,0,"Ault Park","89809","3914","Samuel Adams Boston Lager",3.5
"463562601","harrysmith007",0,0,0,0,0,0,0,0,0,0,0,0,0,0,0,0,0,0,0,0,0,0,0,0,0,0,0,0,0,0,0,0,0,0,0,"Flipdaddy's Burgers & Beers","128539","2032322","Flipdaddy's Lager",3.25
"463314757","harrysmith007",0,0,0,0,0,0,0,0,0,0,0,0,0,0,0,0,0,0,0,0,0,0,0,0,0,0,0,0,0,0,0,0,0,0,0,"Birchwood Farms South Subdivision","231340","393430","Truth",4.5
"463260861","harrysmith007",0,0,0,0,0,0,0,0,0,0,0,0,0,0,0,0,0,0,0,0,0,0,0,0,0,0,0,0,0,0,0,0,0,0,0,"","0","393430","Truth",4.5
"463008433","harrysmith007",0,0,0,0,0,0,0,0,0,0,0,0,0,0,0,0,0,0,0,0,0,0,0,0,0,0,0,0,0,0,0,0,0,0,0,"Madeira, OH","693036","8949","Summer Shandy",2.75
"462981458","harrysmith007",0,0,0,0,0,0,0,0,0,0,0,0,0,0,0,0,0,0,0,0,0,0,0,0,0,0,0,0,0,0,0,0,0,0,0,"Madeira, OH","693036","1996474","Rounding Third (2017)",3.75
"462498540","harrysmith007",0,0,0,0,0,0,0,0,0,0,0,0,0,0,0,0,0,0,0,0,0,0,0,0,0,0,0,0,0,0,0,0,0,0,0,"Birchwood Farms South Subdivision","231340","1461111","Nu Skool IPA",3.75
"462252440","harrysmith007",0,0,0,0,0,0,0,0,0,0,0,0,0,0,0,0,0,0,0,0,0,0,0,0,0,0,0,0,0,0,0,0,0,0,0,"Birchwood Farms South Subdivision","231340","1823190","Pome And Grabbit",2.75
"461936944","harrysmith007",0,0,0,0,0,0,0,0,0,0,0,0,0,0,0,0,0,0,0,0,0,0,0,0,0,0,0,0,0,0,0,0,0,0,0,"Red Robin Gourmet Burgers","76826","393430","Truth",4.5
"461706668","harrysmith007",0,0,0,0,0,0,0,0,0,0,0,0,0,0,0,0,0,0,0,0,0,0,0,0,0,0,0,0,0,0,0,0,0,0,0,"Birchwood Farms South Subdivision","231340","393430","Truth",4.5
"461457723","harrysmith007",0,0,0,0,0,0,0,0,0,0,0,0,0,0,0,0,0,0,0,0,0,0,0,0,0,0,0,0,0,0,0,0,0,0,0,"Birchwood Farms South Subdivision","231340","393430","Truth",4.5
